DriverNumber,BroadcastName,Abbreviation,DriverId,TeamName,TeamColor,TeamId,FirstName,LastName,FullName,HeadshotUrl,CountryCode,Position,ClassifiedPosition,GridPosition,Q1,Q2,Q3,Time,Status,Points,Laps,q_pos,race_id,is_winner
4,,NOR,norris,McLaren,,mclaren,Lando,Norris,Lando Norris,,,1.0,1,1.0,,,,0 days 01:42:06.304000,Finished,25.0,57.0,1.0,2025-Australian Grand Prix,1
1,,VER,max_verstappen,Red Bull,,red_bull,Max,Verstappen,Max Verstappen,,,2.0,2,3.0,,,,0 days 00:00:00.895000,Finished,18.0,57.0,3.0,2025-Australian Grand Prix,0
63,,RUS,russell,Mercedes,,mercedes,George,Russell,George Russell,,,3.0,3,4.0,,,,0 days 00:00:08.481000,Finished,15.0,57.0,4.0,2025-Australian Grand Prix,0
12,,ANT,antonelli,Mercedes,,mercedes,Andrea Kimi,Antonelli,Andrea Kimi Antonelli,,,4.0,4,16.0,,,,0 days 00:00:10.135000,Finished,12.0,57.0,16.0,2025-Australian Grand Prix,0
23,,ALB,albon,Williams,,williams,Alexander,Albon,Alexander Albon,,,5.0,5,6.0,,,,0 days 00:00:12.773000,Finished,10.0,57.0,6.0,2025-Australian Grand Prix,0
18,,STR,stroll,Aston Martin,,aston_martin,Lance,Stroll,Lance Stroll,,,6.0,6,13.0,,,,0 days 00:00:17.413000,Finished,8.0,57.0,13.0,2025-Australian Grand Prix,0
27,,HUL,hulkenberg,Sauber,,sauber,Nico,Hülkenberg,Nico Hülkenberg,,,7.0,7,17.0,,,,0 days 00:00:18.423000,Finished,6.0,57.0,17.0,2025-Australian Grand Prix,0
16,,LEC,leclerc,Ferrari,,ferrari,Charles,Leclerc,Charles Leclerc,,,8.0,8,7.0,,,,0 days 00:00:19.826000,Finished,4.0,57.0,7.0,2025-Australian Grand Prix,0
81,,PIA,piastri,McLaren,,mclaren,Oscar,Piastri,Oscar Piastri,,,9.0,9,2.0,,,,0 days 00:00:20.448000,Finished,2.0,57.0,2.0,2025-Australian Grand Prix,0
44,,HAM,hamilton,Ferrari,,ferrari,Lewis,Hamilton,Lewis Hamilton,,,10.0,10,8.0,,,,0 days 00:00:22.473000,Finished,1.0,57.0,8.0,2025-Australian Grand Prix,0
10,,GAS,gasly,Alpine F1 Team,,alpine,Pierre,Gasly,Pierre Gasly,,,11.0,11,9.0,,,,0 days 00:00:26.502000,Finished,0.0,57.0,9.0,2025-Australian Grand Prix,0
22,,TSU,tsunoda,RB F1 Team,,rb,Yuki,Tsunoda,Yuki Tsunoda,,,12.0,12,5.0,,,,0 days 00:00:29.884000,Finished,0.0,57.0,5.0,2025-Australian Grand Prix,0
31,,OCO,ocon,Haas F1 Team,,haas,Esteban,Ocon,Esteban Ocon,,,13.0,13,19.0,,,,0 days 00:00:33.161000,Finished,0.0,57.0,19.0,2025-Australian Grand Prix,0
87,,BEA,bearman,Haas F1 Team,,haas,Oliver,Bearman,Oliver Bearman,,,14.0,14,20.0,,,,0 days 00:00:40.351000,Finished,0.0,57.0,20.0,2025-Australian Grand Prix,0
30,,LAW,lawson,Red Bull,,red_bull,Liam,Lawson,Liam Lawson,,,15.0,R,18.0,,,,,Retired,0.0,46.0,18.0,2025-Australian Grand Prix,0
5,,BOR,bortoleto,Sauber,,sauber,Gabriel,Bortoleto,Gabriel Bortoleto,,,16.0,R,15.0,,,,,Retired,0.0,45.0,15.0,2025-Australian Grand Prix,0
14,,ALO,alonso,Aston Martin,,aston_martin,Fernando,Alonso,Fernando Alonso,,,17.0,R,12.0,,,,,Retired,0.0,32.0,12.0,2025-Australian Grand Prix,0
55,,SAI,sainz,Williams,,williams,Carlos,Sainz,Carlos Sainz,,,18.0,R,10.0,,,,,Retired,0.0,0.0,10.0,2025-Australian Grand Prix,0
7,,DOO,doohan,Alpine F1 Team,,alpine,Jack,Doohan,Jack Doohan,,,19.0,R,14.0,,,,,Retired,0.0,0.0,14.0,2025-Australian Grand Prix,0
6,,HAD,hadjar,RB F1 Team,,rb,Isack,Hadjar,Isack Hadjar,,,20.0,R,11.0,,,,,Retired,0.0,0.0,11.0,2025-Australian Grand Prix,0
81,,PIA,piastri,McLaren,,mclaren,Oscar,Piastri,Oscar Piastri,,,1.0,1,1.0,,,,0 days 01:30:55.026000,Finished,25.0,56.0,1.0,2025-Chinese Grand Prix,1
4,,NOR,norris,McLaren,,mclaren,Lando,Norris,Lando Norris,,,2.0,2,3.0,,,,0 days 00:00:09.748000,Finished,18.0,56.0,3.0,2025-Chinese Grand Prix,0
63,,RUS,russell,Mercedes,,mercedes,George,Russell,George Russell,,,3.0,3,2.0,,,,0 days 00:00:11.097000,Finished,15.0,56.0,2.0,2025-Chinese Grand Prix,0
1,,VER,max_verstappen,Red Bull,,red_bull,Max,Verstappen,Max Verstappen,,,4.0,4,4.0,,,,0 days 00:00:16.656000,Finished,12.0,56.0,4.0,2025-Chinese Grand Prix,0
31,,OCO,ocon,Haas F1 Team,,haas,Esteban,Ocon,Esteban Ocon,,,5.0,5,11.0,,,,0 days 00:00:49.969000,Finished,10.0,56.0,11.0,2025-Chinese Grand Prix,0
12,,ANT,antonelli,Mercedes,,mercedes,Andrea Kimi,Antonelli,Andrea Kimi Antonelli,,,6.0,6,8.0,,,,0 days 00:00:53.748000,Finished,8.0,56.0,8.0,2025-Chinese Grand Prix,0
23,,ALB,albon,Williams,,williams,Alexander,Albon,Alexander Albon,,,7.0,7,10.0,,,,0 days 00:00:56.321000,Finished,6.0,56.0,10.0,2025-Chinese Grand Prix,0
87,,BEA,bearman,Haas F1 Team,,haas,Oliver,Bearman,Oliver Bearman,,,8.0,8,17.0,,,,0 days 00:01:01.303000,Finished,4.0,56.0,17.0,2025-Chinese Grand Prix,0
18,,STR,stroll,Aston Martin,,aston_martin,Lance,Stroll,Lance Stroll,,,9.0,9,14.0,,,,0 days 00:01:10.204000,Finished,2.0,56.0,14.0,2025-Chinese Grand Prix,0
55,,SAI,sainz,Williams,,williams,Carlos,Sainz,Carlos Sainz,,,10.0,10,15.0,,,,0 days 00:01:16.387000,Finished,1.0,56.0,15.0,2025-Chinese Grand Prix,0
6,,HAD,hadjar,RB F1 Team,,rb,Isack,Hadjar,Isack Hadjar,,,11.0,11,7.0,,,,0 days 00:01:18.875000,Finished,0.0,56.0,7.0,2025-Chinese Grand Prix,0
30,,LAW,lawson,Red Bull,,red_bull,Liam,Lawson,Liam Lawson,,,12.0,12,20.0,,,,0 days 00:01:21.147000,Finished,0.0,56.0,20.0,2025-Chinese Grand Prix,0
7,,DOO,doohan,Alpine F1 Team,,alpine,Jack,Doohan,Jack Doohan,,,13.0,13,18.0,,,,0 days 00:01:28.401000,Finished,0.0,56.0,18.0,2025-Chinese Grand Prix,0
5,,BOR,bortoleto,Sauber,,sauber,Gabriel,Bortoleto,Gabriel Bortoleto,,,14.0,14,19.0,,,,0 days 00:00:10.756000,Lapped,0.0,55.0,19.0,2025-Chinese Grand Prix,0
27,,HUL,hulkenberg,Sauber,,sauber,Nico,Hülkenberg,Nico Hülkenberg,,,15.0,15,12.0,,,,0 days 00:00:20.226000,Lapped,0.0,55.0,12.0,2025-Chinese Grand Prix,0
22,,TSU,tsunoda,RB F1 Team,,rb,Yuki,Tsunoda,Yuki Tsunoda,,,16.0,16,9.0,,,,0 days 00:00:23.511000,Lapped,0.0,55.0,9.0,2025-Chinese Grand Prix,0
14,,ALO,alonso,Aston Martin,,aston_martin,Fernando,Alonso,Fernando Alonso,,,17.0,R,13.0,,,,,Retired,0.0,4.0,13.0,2025-Chinese Grand Prix,0
16,,LEC,leclerc,Ferrari,,ferrari,Charles,Leclerc,Charles Leclerc,,,18.0,D,6.0,,,,,Disqualified,0.0,0.0,6.0,2025-Chinese Grand Prix,0
44,,HAM,hamilton,Ferrari,,ferrari,Lewis,Hamilton,Lewis Hamilton,,,19.0,D,5.0,,,,,Disqualified,0.0,0.0,5.0,2025-Chinese Grand Prix,0
10,,GAS,gasly,Alpine F1 Team,,alpine,Pierre,Gasly,Pierre Gasly,,,20.0,D,16.0,,,,,Disqualified,0.0,0.0,16.0,2025-Chinese Grand Prix,0
1,,VER,max_verstappen,Red Bull,,red_bull,Max,Verstappen,Max Verstappen,,,1.0,1,1.0,,,,0 days 01:22:06.983000,Finished,25.0,53.0,1.0,2025-Japanese Grand Prix,1
4,,NOR,norris,McLaren,,mclaren,Lando,Norris,Lando Norris,,,2.0,2,2.0,,,,0 days 00:00:01.423000,Finished,18.0,53.0,2.0,2025-Japanese Grand Prix,0
81,,PIA,piastri,McLaren,,mclaren,Oscar,Piastri,Oscar Piastri,,,3.0,3,3.0,,,,0 days 00:00:02.129000,Finished,15.0,53.0,3.0,2025-Japanese Grand Prix,0
16,,LEC,leclerc,Ferrari,,ferrari,Charles,Leclerc,Charles Leclerc,,,4.0,4,4.0,,,,0 days 00:00:16.097000,Finished,12.0,53.0,4.0,2025-Japanese Grand Prix,0
63,,RUS,russell,Mercedes,,mercedes,George,Russell,George Russell,,,5.0,5,5.0,,,,0 days 00:00:17.362000,Finished,10.0,53.0,5.0,2025-Japanese Grand Prix,0
12,,ANT,antonelli,Mercedes,,mercedes,Andrea Kimi,Antonelli,Andrea Kimi Antonelli,,,6.0,6,6.0,,,,0 days 00:00:18.671000,Finished,8.0,53.0,6.0,2025-Japanese Grand Prix,0
44,,HAM,hamilton,Ferrari,,ferrari,Lewis,Hamilton,Lewis Hamilton,,,7.0,7,8.0,,,,0 days 00:00:29.182000,Finished,6.0,53.0,8.0,2025-Japanese Grand Prix,0
6,,HAD,hadjar,RB F1 Team,,rb,Isack,Hadjar,Isack Hadjar,,,8.0,8,7.0,,,,0 days 00:00:37.134000,Finished,4.0,53.0,7.0,2025-Japanese Grand Prix,0
23,,ALB,albon,Williams,,williams,Alexander,Albon,Alexander Albon,,,9.0,9,9.0,,,,0 days 00:00:40.367000,Finished,2.0,53.0,9.0,2025-Japanese Grand Prix,0
87,,BEA,bearman,Haas F1 Team,,haas,Oliver,Bearman,Oliver Bearman,,,10.0,10,10.0,,,,0 days 00:00:54.529000,Finished,1.0,53.0,10.0,2025-Japanese Grand Prix,0
14,,ALO,alonso,Aston Martin,,aston_martin,Fernando,Alonso,Fernando Alonso,,,11.0,11,12.0,,,,0 days 00:00:57.333000,Finished,0.0,53.0,13.0,2025-Japanese Grand Prix,0
22,,TSU,tsunoda,Red Bull,,red_bull,Yuki,Tsunoda,Yuki Tsunoda,,,12.0,12,14.0,,,,0 days 00:00:58.401000,Finished,0.0,53.0,15.0,2025-Japanese Grand Prix,0
10,,GAS,gasly,Alpine F1 Team,,alpine,Pierre,Gasly,Pierre Gasly,,,13.0,13,11.0,,,,0 days 00:01:02.122000,Finished,0.0,53.0,11.0,2025-Japanese Grand Prix,0
55,,SAI,sainz,Williams,,williams,Carlos,Sainz,Carlos Sainz,,,14.0,14,15.0,,,,0 days 00:01:14.129000,Finished,0.0,53.0,12.0,2025-Japanese Grand Prix,0
7,,DOO,doohan,Alpine F1 Team,,alpine,Jack,Doohan,Jack Doohan,,,15.0,15,19.0,,,,0 days 00:01:21.314000,Finished,0.0,53.0,19.0,2025-Japanese Grand Prix,0
27,,HUL,hulkenberg,Sauber,,sauber,Nico,Hülkenberg,Nico Hülkenberg,,,16.0,16,16.0,,,,0 days 00:01:21.957000,Finished,0.0,53.0,16.0,2025-Japanese Grand Prix,0
30,,LAW,lawson,RB F1 Team,,rb,Liam,Lawson,Liam Lawson,,,17.0,17,13.0,,,,0 days 00:01:22.734000,Finished,0.0,53.0,14.0,2025-Japanese Grand Prix,0
31,,OCO,ocon,Haas F1 Team,,haas,Esteban,Ocon,Esteban Ocon,,,18.0,18,18.0,,,,0 days 00:01:23.438000,Finished,0.0,53.0,18.0,2025-Japanese Grand Prix,0
5,,BOR,bortoleto,Sauber,,sauber,Gabriel,Bortoleto,Gabriel Bortoleto,,,19.0,19,17.0,,,,0 days 00:01:23.897000,Finished,0.0,53.0,17.0,2025-Japanese Grand Prix,0
18,,STR,stroll,Aston Martin,,aston_martin,Lance,Stroll,Lance Stroll,,,20.0,20,20.0,,,,0 days 00:00:12.929000,Lapped,0.0,52.0,20.0,2025-Japanese Grand Prix,0
81,,PIA,piastri,McLaren,,mclaren,Oscar,Piastri,Oscar Piastri,,,1.0,1,1.0,,,,0 days 01:35:39.435000,Finished,25.0,57.0,1.0,2025-Bahrain Grand Prix,1
63,,RUS,russell,Mercedes,,mercedes,George,Russell,George Russell,,,2.0,2,3.0,,,,0 days 00:00:15.499000,Finished,18.0,57.0,2.0,2025-Bahrain Grand Prix,0
4,,NOR,norris,McLaren,,mclaren,Lando,Norris,Lando Norris,,,3.0,3,6.0,,,,0 days 00:00:16.273000,Finished,15.0,57.0,6.0,2025-Bahrain Grand Prix,0
16,,LEC,leclerc,Ferrari,,ferrari,Charles,Leclerc,Charles Leclerc,,,4.0,4,2.0,,,,0 days 00:00:19.679000,Finished,12.0,57.0,3.0,2025-Bahrain Grand Prix,0
44,,HAM,hamilton,Ferrari,,ferrari,Lewis,Hamilton,Lewis Hamilton,,,5.0,5,9.0,,,,0 days 00:00:27.993000,Finished,10.0,57.0,9.0,2025-Bahrain Grand Prix,0
1,,VER,max_verstappen,Red Bull,,red_bull,Max,Verstappen,Max Verstappen,,,6.0,6,7.0,,,,0 days 00:00:34.395000,Finished,8.0,57.0,7.0,2025-Bahrain Grand Prix,0
10,,GAS,gasly,Alpine F1 Team,,alpine,Pierre,Gasly,Pierre Gasly,,,7.0,7,4.0,,,,0 days 00:00:36.002000,Finished,6.0,57.0,5.0,2025-Bahrain Grand Prix,0
31,,OCO,ocon,Haas F1 Team,,haas,Esteban,Ocon,Esteban Ocon,,,8.0,8,14.0,,,,0 days 00:00:44.244000,Finished,4.0,57.0,14.0,2025-Bahrain Grand Prix,0
22,,TSU,tsunoda,Red Bull,,red_bull,Yuki,Tsunoda,Yuki Tsunoda,,,9.0,9,10.0,,,,0 days 00:00:45.061000,Finished,2.0,57.0,10.0,2025-Bahrain Grand Prix,0
87,,BEA,bearman,Haas F1 Team,,haas,Oliver,Bearman,Oliver Bearman,,,10.0,10,20.0,,,,0 days 00:00:47.594000,Finished,1.0,57.0,20.0,2025-Bahrain Grand Prix,0
12,,ANT,antonelli,Mercedes,,mercedes,Andrea Kimi,Antonelli,Andrea Kimi Antonelli,,,11.0,11,5.0,,,,0 days 00:00:48.016000,Finished,0.0,57.0,4.0,2025-Bahrain Grand Prix,0
23,,ALB,albon,Williams,,williams,Alexander,Albon,Alexander Albon,,,12.0,12,15.0,,,,0 days 00:00:48.839000,Finished,0.0,57.0,15.0,2025-Bahrain Grand Prix,0
6,,HAD,hadjar,RB F1 Team,,rb,Isack,Hadjar,Isack Hadjar,,,13.0,13,12.0,,,,0 days 00:00:56.314000,Finished,0.0,57.0,12.0,2025-Bahrain Grand Prix,0
7,,DOO,doohan,Alpine F1 Team,,alpine,Jack,Doohan,Jack Doohan,,,14.0,14,11.0,,,,0 days 00:00:57.806000,Finished,0.0,57.0,11.0,2025-Bahrain Grand Prix,0
14,,ALO,alonso,Aston Martin,,aston_martin,Fernando,Alonso,Fernando Alonso,,,15.0,15,13.0,,,,0 days 00:01:00.340000,Finished,0.0,57.0,13.0,2025-Bahrain Grand Prix,0
30,,LAW,lawson,RB F1 Team,,rb,Liam,Lawson,Liam Lawson,,,16.0,16,17.0,,,,0 days 00:01:04.435000,Finished,0.0,57.0,17.0,2025-Bahrain Grand Prix,0
18,,STR,stroll,Aston Martin,,aston_martin,Lance,Stroll,Lance Stroll,,,17.0,17,19.0,,,,0 days 00:01:05.489000,Finished,0.0,57.0,19.0,2025-Bahrain Grand Prix,0
5,,BOR,bortoleto,Sauber,,sauber,Gabriel,Bortoleto,Gabriel Bortoleto,,,18.0,18,18.0,,,,0 days 00:01:06.872000,Finished,0.0,57.0,18.0,2025-Bahrain Grand Prix,0
55,,SAI,sainz,Williams,,williams,Carlos,Sainz,Carlos Sainz,,,19.0,R,8.0,,,,,Retired,0.0,45.0,8.0,2025-Bahrain Grand Prix,0
27,,HUL,hulkenberg,Sauber,,sauber,Nico,Hülkenberg,Nico Hülkenberg,,,20.0,D,16.0,,,,,Disqualified,0.0,0.0,16.0,2025-Bahrain Grand Prix,0
81,,PIA,piastri,McLaren,,mclaren,Oscar,Piastri,Oscar Piastri,,,1.0,1,2.0,,,,0 days 01:21:06.758000,Finished,25.0,50.0,2.0,2025-Saudi Arabian Grand Prix,1
1,,VER,max_verstappen,Red Bull,,red_bull,Max,Verstappen,Max Verstappen,,,2.0,2,1.0,,,,0 days 00:00:02.843000,Finished,18.0,50.0,1.0,2025-Saudi Arabian Grand Prix,0
16,,LEC,leclerc,Ferrari,,ferrari,Charles,Leclerc,Charles Leclerc,,,3.0,3,4.0,,,,0 days 00:00:08.104000,Finished,15.0,50.0,4.0,2025-Saudi Arabian Grand Prix,0
4,,NOR,norris,McLaren,,mclaren,Lando,Norris,Lando Norris,,,4.0,4,10.0,,,,0 days 00:00:09.196000,Finished,12.0,50.0,10.0,2025-Saudi Arabian Grand Prix,0
63,,RUS,russell,Mercedes,,mercedes,George,Russell,George Russell,,,5.0,5,3.0,,,,0 days 00:00:27.236000,Finished,10.0,50.0,3.0,2025-Saudi Arabian Grand Prix,0
12,,ANT,antonelli,Mercedes,,mercedes,Andrea Kimi,Antonelli,Andrea Kimi Antonelli,,,6.0,6,5.0,,,,0 days 00:00:34.688000,Finished,8.0,50.0,5.0,2025-Saudi Arabian Grand Prix,0
44,,HAM,hamilton,Ferrari,,ferrari,Lewis,Hamilton,Lewis Hamilton,,,7.0,7,7.0,,,,0 days 00:00:39.073000,Finished,6.0,50.0,7.0,2025-Saudi Arabian Grand Prix,0
55,,SAI,sainz,Williams,,williams,Carlos,Sainz,Carlos Sainz,,,8.0,8,6.0,,,,0 days 00:01:04.630000,Finished,4.0,50.0,6.0,2025-Saudi Arabian Grand Prix,0
23,,ALB,albon,Williams,,williams,Alexander,Albon,Alexander Albon,,,9.0,9,11.0,,,,0 days 00:01:06.515000,Finished,2.0,50.0,11.0,2025-Saudi Arabian Grand Prix,0
6,,HAD,hadjar,RB F1 Team,,rb,Isack,Hadjar,Isack Hadjar,,,10.0,10,14.0,,,,0 days 00:01:07.091000,Finished,1.0,50.0,14.0,2025-Saudi Arabian Grand Prix,0
14,,ALO,alonso,Aston Martin,,aston_martin,Fernando,Alonso,Fernando Alonso,,,11.0,11,13.0,,,,0 days 00:01:15.917000,Finished,0.0,50.0,13.0,2025-Saudi Arabian Grand Prix,0
30,,LAW,lawson,RB F1 Team,,rb,Liam,Lawson,Liam Lawson,,,12.0,12,12.0,,,,0 days 00:01:18.451000,Finished,0.0,50.0,12.0,2025-Saudi Arabian Grand Prix,0
87,,BEA,bearman,Haas F1 Team,,haas,Oliver,Bearman,Oliver Bearman,,,13.0,13,15.0,,,,0 days 00:01:19.194000,Finished,0.0,50.0,15.0,2025-Saudi Arabian Grand Prix,0
31,,OCO,ocon,Haas F1 Team,,haas,Esteban,Ocon,Esteban Ocon,,,14.0,14,19.0,,,,0 days 00:01:39.723000,Finished,0.0,50.0,19.0,2025-Saudi Arabian Grand Prix,0
27,,HUL,hulkenberg,Sauber,,sauber,Nico,Hülkenberg,Nico Hülkenberg,,,15.0,15,18.0,,,,0 days 00:00:04.609000,Lapped,0.0,49.0,18.0,2025-Saudi Arabian Grand Prix,0
18,,STR,stroll,Aston Martin,,aston_martin,Lance,Stroll,Lance Stroll,,,16.0,16,16.0,,,,0 days 00:00:05.527000,Lapped,0.0,49.0,16.0,2025-Saudi Arabian Grand Prix,0
7,,DOO,doohan,Alpine F1 Team,,alpine,Jack,Doohan,Jack Doohan,,,17.0,17,17.0,,,,0 days 00:00:19.264000,Lapped,0.0,49.0,17.0,2025-Saudi Arabian Grand Prix,0
5,,BOR,bortoleto,Sauber,,sauber,Gabriel,Bortoleto,Gabriel Bortoleto,,,18.0,18,20.0,,,,0 days 00:00:19.306000,Lapped,0.0,49.0,20.0,2025-Saudi Arabian Grand Prix,0
22,,TSU,tsunoda,Red Bull,,red_bull,Yuki,Tsunoda,Yuki Tsunoda,,,19.0,R,8.0,,,,,Retired,0.0,1.0,8.0,2025-Saudi Arabian Grand Prix,0
10,,GAS,gasly,Alpine F1 Team,,alpine,Pierre,Gasly,Pierre Gasly,,,20.0,R,9.0,,,,,Retired,0.0,0.0,9.0,2025-Saudi Arabian Grand Prix,0
81,,PIA,piastri,McLaren,,mclaren,Oscar,Piastri,Oscar Piastri,,,1.0,1,4.0,,,,0 days 01:28:51.587000,Finished,25.0,57.0,4.0,2025-Miami Grand Prix,1
4,,NOR,norris,McLaren,,mclaren,Lando,Norris,Lando Norris,,,2.0,2,2.0,,,,0 days 00:00:04.630000,Finished,18.0,57.0,2.0,2025-Miami Grand Prix,0
63,,RUS,russell,Mercedes,,mercedes,George,Russell,George Russell,,,3.0,3,5.0,,,,0 days 00:00:37.644000,Finished,15.0,57.0,5.0,2025-Miami Grand Prix,0
1,,VER,max_verstappen,Red Bull,,red_bull,Max,Verstappen,Max Verstappen,,,4.0,4,1.0,,,,0 days 00:00:39.956000,Finished,12.0,57.0,1.0,2025-Miami Grand Prix,0
23,,ALB,albon,Williams,,williams,Alexander,Albon,Alexander Albon,,,5.0,5,7.0,,,,0 days 00:00:48.067000,Finished,10.0,57.0,7.0,2025-Miami Grand Prix,0
12,,ANT,antonelli,Mercedes,,mercedes,Andrea Kimi,Antonelli,Andrea Kimi Antonelli,,,6.0,6,3.0,,,,0 days 00:00:55.502000,Finished,8.0,57.0,3.0,2025-Miami Grand Prix,0
16,,LEC,leclerc,Ferrari,,ferrari,Charles,Leclerc,Charles Leclerc,,,7.0,7,8.0,,,,0 days 00:00:57.036000,Finished,6.0,57.0,8.0,2025-Miami Grand Prix,0
44,,HAM,hamilton,Ferrari,,ferrari,Lewis,Hamilton,Lewis Hamilton,,,8.0,8,12.0,,,,0 days 00:01:00.186000,Finished,4.0,57.0,12.0,2025-Miami Grand Prix,0
55,,SAI,sainz,Williams,,williams,Carlos,Sainz,Carlos Sainz,,,9.0,9,6.0,,,,0 days 00:01:00.577000,Finished,2.0,57.0,6.0,2025-Miami Grand Prix,0
22,,TSU,tsunoda,Red Bull,,red_bull,Yuki,Tsunoda,Yuki Tsunoda,,,10.0,10,10.0,,,,0 days 00:01:14.434000,Finished,1.0,57.0,10.0,2025-Miami Grand Prix,0
6,,HAD,hadjar,RB F1 Team,,rb,Isack,Hadjar,Isack Hadjar,,,11.0,11,11.0,,,,0 days 00:01:14.602000,Finished,0.0,57.0,11.0,2025-Miami Grand Prix,0
31,,OCO,ocon,Haas F1 Team,,haas,Esteban,Ocon,Esteban Ocon,,,12.0,12,9.0,,,,0 days 00:01:22.006000,Finished,0.0,57.0,9.0,2025-Miami Grand Prix,0
10,,GAS,gasly,Alpine F1 Team,,alpine,Pierre,Gasly,Pierre Gasly,,,13.0,13,20.0,,,,0 days 00:01:30.445000,Finished,0.0,57.0,18.0,2025-Miami Grand Prix,0
27,,HUL,hulkenberg,Sauber,,sauber,Nico,Hülkenberg,Nico Hülkenberg,,,14.0,14,16.0,,,,0 days 00:00:01.155000,Lapped,0.0,56.0,16.0,2025-Miami Grand Prix,0
14,,ALO,alonso,Aston Martin,,aston_martin,Fernando,Alonso,Fernando Alonso,,,15.0,15,17.0,,,,0 days 00:00:20.979000,Lapped,0.0,56.0,17.0,2025-Miami Grand Prix,0
18,,STR,stroll,Aston Martin,,aston_martin,Lance,Stroll,Lance Stroll,,,16.0,16,18.0,,,,0 days 00:00:25.162000,Lapped,0.0,56.0,19.0,2025-Miami Grand Prix,0
30,,LAW,lawson,RB F1 Team,,rb,Liam,Lawson,Liam Lawson,,,17.0,R,15.0,,,,,Retired,0.0,36.0,15.0,2025-Miami Grand Prix,0
5,,BOR,bortoleto,Sauber,,sauber,Gabriel,Bortoleto,Gabriel Bortoleto,,,18.0,R,13.0,,,,,Retired,0.0,30.0,13.0,2025-Miami Grand Prix,0
87,,BEA,bearman,Haas F1 Team,,haas,Oliver,Bearman,Oliver Bearman,,,19.0,R,19.0,,,,,Retired,0.0,27.0,20.0,2025-Miami Grand Prix,0
7,,DOO,doohan,Alpine F1 Team,,alpine,Jack,Doohan,Jack Doohan,,,20.0,R,14.0,,,,,Retired,0.0,0.0,14.0,2025-Miami Grand Prix,0
1,,VER,max_verstappen,Red Bull,,red_bull,Max,Verstappen,Max Verstappen,,,1.0,1,2.0,,,,0 days 01:31:33.199000,Finished,25.0,63.0,2.0,2025-Emilia Romagna Grand Prix,1
4,,NOR,norris,McLaren,,mclaren,Lando,Norris,Lando Norris,,,2.0,2,4.0,,,,0 days 00:00:06.109000,Finished,18.0,63.0,4.0,2025-Emilia Romagna Grand Prix,0
81,,PIA,piastri,McLaren,,mclaren,Oscar,Piastri,Oscar Piastri,,,3.0,3,1.0,,,,0 days 00:00:12.956000,Finished,15.0,63.0,1.0,2025-Emilia Romagna Grand Prix,0
44,,HAM,hamilton,Ferrari,,ferrari,Lewis,Hamilton,Lewis Hamilton,,,4.0,4,12.0,,,,0 days 00:00:14.356000,Finished,12.0,63.0,12.0,2025-Emilia Romagna Grand Prix,0
23,,ALB,albon,Williams,,williams,Alexander,Albon,Alexander Albon,,,5.0,5,7.0,,,,0 days 00:00:17.945000,Finished,10.0,63.0,7.0,2025-Emilia Romagna Grand Prix,0
16,,LEC,leclerc,Ferrari,,ferrari,Charles,Leclerc,Charles Leclerc,,,6.0,6,11.0,,,,0 days 00:00:20.774000,Finished,8.0,63.0,11.0,2025-Emilia Romagna Grand Prix,0
63,,RUS,russell,Mercedes,,mercedes,George,Russell,George Russell,,,7.0,7,3.0,,,,0 days 00:00:22.034000,Finished,6.0,63.0,3.0,2025-Emilia Romagna Grand Prix,0
55,,SAI,sainz,Williams,,williams,Carlos,Sainz,Carlos Sainz,,,8.0,8,6.0,,,,0 days 00:00:22.898000,Finished,4.0,63.0,6.0,2025-Emilia Romagna Grand Prix,0
6,,HAD,hadjar,RB F1 Team,,rb,Isack,Hadjar,Isack Hadjar,,,9.0,9,9.0,,,,0 days 00:00:23.586000,Finished,2.0,63.0,9.0,2025-Emilia Romagna Grand Prix,0
22,,TSU,tsunoda,Red Bull,,red_bull,Yuki,Tsunoda,Yuki Tsunoda,,,10.0,10,20.0,,,,0 days 00:00:26.446000,Finished,1.0,63.0,20.0,2025-Emilia Romagna Grand Prix,0
14,,ALO,alonso,Aston Martin,,aston_martin,Fernando,Alonso,Fernando Alonso,,,11.0,11,5.0,,,,0 days 00:00:27.250000,Finished,0.0,63.0,5.0,2025-Emilia Romagna Grand Prix,0
27,,HUL,hulkenberg,Sauber,,sauber,Nico,Hülkenberg,Nico Hülkenberg,,,12.0,12,17.0,,,,0 days 00:00:30.296000,Finished,0.0,63.0,17.0,2025-Emilia Romagna Grand Prix,0
10,,GAS,gasly,Alpine F1 Team,,alpine,Pierre,Gasly,Pierre Gasly,,,13.0,13,10.0,,,,0 days 00:00:31.424000,Finished,0.0,63.0,10.0,2025-Emilia Romagna Grand Prix,0
30,,LAW,lawson,RB F1 Team,,rb,Liam,Lawson,Liam Lawson,,,14.0,14,15.0,,,,0 days 00:00:32.511000,Finished,0.0,63.0,16.0,2025-Emilia Romagna Grand Prix,0
18,,STR,stroll,Aston Martin,,aston_martin,Lance,Stroll,Lance Stroll,,,15.0,15,8.0,,,,0 days 00:00:32.993000,Finished,0.0,63.0,8.0,2025-Emilia Romagna Grand Prix,0
43,,COL,colapinto,Alpine F1 Team,,alpine,Franco,Colapinto,Franco Colapinto,,,16.0,16,16.0,,,,0 days 00:00:33.411000,Finished,0.0,63.0,15.0,2025-Emilia Romagna Grand Prix,0
87,,BEA,bearman,Haas F1 Team,,haas,Oliver,Bearman,Oliver Bearman,,,17.0,17,19.0,,,,0 days 00:00:33.808000,Finished,0.0,63.0,19.0,2025-Emilia Romagna Grand Prix,0
5,,BOR,bortoleto,Sauber,,sauber,Gabriel,Bortoleto,Gabriel Bortoleto,,,18.0,18,14.0,,,,0 days 00:00:38.572000,Finished,0.0,63.0,14.0,2025-Emilia Romagna Grand Prix,0
12,,ANT,antonelli,Mercedes,,mercedes,Andrea Kimi,Antonelli,Andrea Kimi Antonelli,,,19.0,R,13.0,,,,,Retired,0.0,44.0,13.0,2025-Emilia Romagna Grand Prix,0
31,,OCO,ocon,Haas F1 Team,,haas,Esteban,Ocon,Esteban Ocon,,,20.0,R,18.0,,,,,Retired,0.0,27.0,18.0,2025-Emilia Romagna Grand Prix,0
4,,NOR,norris,McLaren,,mclaren,Lando,Norris,Lando Norris,,,1.0,1,1.0,,,,0 days 01:40:33.843000,Finished,25.0,78.0,1.0,2025-Monaco Grand Prix,1
16,,LEC,leclerc,Ferrari,,ferrari,Charles,Leclerc,Charles Leclerc,,,2.0,2,2.0,,,,0 days 00:00:03.131000,Finished,18.0,78.0,2.0,2025-Monaco Grand Prix,0
81,,PIA,piastri,McLaren,,mclaren,Oscar,Piastri,Oscar Piastri,,,3.0,3,3.0,,,,0 days 00:00:03.658000,Finished,15.0,78.0,3.0,2025-Monaco Grand Prix,0
1,,VER,max_verstappen,Red Bull,,red_bull,Max,Verstappen,Max Verstappen,,,4.0,4,4.0,,,,0 days 00:00:20.572000,Finished,12.0,78.0,5.0,2025-Monaco Grand Prix,0
44,,HAM,hamilton,Ferrari,,ferrari,Lewis,Hamilton,Lewis Hamilton,,,5.0,5,7.0,,,,0 days 00:00:51.387000,Finished,10.0,78.0,4.0,2025-Monaco Grand Prix,0
6,,HAD,hadjar,RB F1 Team,,rb,Isack,Hadjar,Isack Hadjar,,,6.0,6,5.0,,,,0 days 00:01:05.082000,Lapped,8.0,77.0,6.0,2025-Monaco Grand Prix,0
31,,OCO,ocon,Haas F1 Team,,haas,Esteban,Ocon,Esteban Ocon,,,7.0,7,8.0,,,,0 days 00:01:06.029000,Lapped,6.0,77.0,8.0,2025-Monaco Grand Prix,0
30,,LAW,lawson,RB F1 Team,,rb,Liam,Lawson,Liam Lawson,,,8.0,8,9.0,,,,0 days 00:01:06.746000,Lapped,4.0,77.0,9.0,2025-Monaco Grand Prix,0
23,,ALB,albon,Williams,,williams,Alexander,Albon,Alexander Albon,,,9.0,9,10.0,,,,0 days 00:00:11.869000,Lapped,2.0,76.0,10.0,2025-Monaco Grand Prix,0
55,,SAI,sainz,Williams,,williams,Carlos,Sainz,Carlos Sainz,,,10.0,10,11.0,,,,0 days 00:00:15.232000,Lapped,1.0,76.0,11.0,2025-Monaco Grand Prix,0
63,,RUS,russell,Mercedes,,mercedes,George,Russell,George Russell,,,11.0,11,14.0,,,,0 days 00:00:33.844000,Lapped,0.0,76.0,14.0,2025-Monaco Grand Prix,0
87,,BEA,bearman,Haas F1 Team,,haas,Oliver,Bearman,Oliver Bearman,,,12.0,12,20.0,,,,0 days 00:00:54.693000,Lapped,0.0,76.0,17.0,2025-Monaco Grand Prix,0
43,,COL,colapinto,Alpine F1 Team,,alpine,Franco,Colapinto,Franco Colapinto,,,13.0,13,18.0,,,,0 days 00:00:57.114000,Lapped,0.0,76.0,20.0,2025-Monaco Grand Prix,0
5,,BOR,bortoleto,Sauber,,sauber,Gabriel,Bortoleto,Gabriel Bortoleto,,,14.0,14,16.0,,,,0 days 00:01:08.424000,Lapped,0.0,76.0,16.0,2025-Monaco Grand Prix,0
18,,STR,stroll,Aston Martin,,aston_martin,Lance,Stroll,Lance Stroll,,,15.0,15,19.0,,,,0 days 00:01:10.395000,Lapped,0.0,76.0,19.0,2025-Monaco Grand Prix,0
27,,HUL,hulkenberg,Sauber,,sauber,Nico,Hülkenberg,Nico Hülkenberg,,,16.0,16,13.0,,,,0 days 00:01:11.544000,Lapped,0.0,76.0,13.0,2025-Monaco Grand Prix,0
22,,TSU,tsunoda,Red Bull,,red_bull,Yuki,Tsunoda,Yuki Tsunoda,,,17.0,17,12.0,,,,0 days 00:01:11.849000,Lapped,0.0,76.0,12.0,2025-Monaco Grand Prix,0
12,,ANT,antonelli,Mercedes,,mercedes,Andrea Kimi,Antonelli,Andrea Kimi Antonelli,,,18.0,18,15.0,,,,0 days 00:00:08.409000,Lapped,0.0,75.0,15.0,2025-Monaco Grand Prix,0
14,,ALO,alonso,Aston Martin,,aston_martin,Fernando,Alonso,Fernando Alonso,,,19.0,R,6.0,,,,,Retired,0.0,36.0,7.0,2025-Monaco Grand Prix,0
10,,GAS,gasly,Alpine F1 Team,,alpine,Pierre,Gasly,Pierre Gasly,,,20.0,R,17.0,,,,,Retired,0.0,7.0,18.0,2025-Monaco Grand Prix,0
81,,PIA,piastri,McLaren,,mclaren,Oscar,Piastri,Oscar Piastri,,,1.0,1,1.0,,,,0 days 01:32:57.375000,Finished,25.0,66.0,1.0,2025-Spanish Grand Prix,1
4,,NOR,norris,McLaren,,mclaren,Lando,Norris,Lando Norris,,,2.0,2,2.0,,,,0 days 00:00:02.471000,Finished,18.0,66.0,2.0,2025-Spanish Grand Prix,0
16,,LEC,leclerc,Ferrari,,ferrari,Charles,Leclerc,Charles Leclerc,,,3.0,3,7.0,,,,0 days 00:00:10.455000,Finished,15.0,66.0,7.0,2025-Spanish Grand Prix,0
63,,RUS,russell,Mercedes,,mercedes,George,Russell,George Russell,,,4.0,4,4.0,,,,0 days 00:00:11.359000,Finished,12.0,66.0,4.0,2025-Spanish Grand Prix,0
27,,HUL,hulkenberg,Sauber,,sauber,Nico,Hülkenberg,Nico Hülkenberg,,,5.0,5,15.0,,,,0 days 00:00:13.648000,Finished,10.0,66.0,16.0,2025-Spanish Grand Prix,0
44,,HAM,hamilton,Ferrari,,ferrari,Lewis,Hamilton,Lewis Hamilton,,,6.0,6,5.0,,,,0 days 00:00:15.508000,Finished,8.0,66.0,5.0,2025-Spanish Grand Prix,0
6,,HAD,hadjar,RB F1 Team,,rb,Isack,Hadjar,Isack Hadjar,,,7.0,7,9.0,,,,0 days 00:00:16.022000,Finished,6.0,66.0,9.0,2025-Spanish Grand Prix,0
10,,GAS,gasly,Alpine F1 Team,,alpine,Pierre,Gasly,Pierre Gasly,,,8.0,8,8.0,,,,0 days 00:00:17.882000,Finished,4.0,66.0,8.0,2025-Spanish Grand Prix,0
14,,ALO,alonso,Aston Martin,,aston_martin,Fernando,Alonso,Fernando Alonso,,,9.0,9,10.0,,,,0 days 00:00:21.564000,Finished,2.0,66.0,10.0,2025-Spanish Grand Prix,0
1,,VER,max_verstappen,Red Bull,,red_bull,Max,Verstappen,Max Verstappen,,,10.0,10,3.0,,,,0 days 00:00:21.826000,Finished,1.0,66.0,3.0,2025-Spanish Grand Prix,0
30,,LAW,lawson,RB F1 Team,,rb,Liam,Lawson,Liam Lawson,,,11.0,11,13.0,,,,0 days 00:00:25.532000,Finished,0.0,66.0,13.0,2025-Spanish Grand Prix,0
5,,BOR,bortoleto,Sauber,,sauber,Gabriel,Bortoleto,Gabriel Bortoleto,,,12.0,12,12.0,,,,0 days 00:00:25.996000,Finished,0.0,66.0,12.0,2025-Spanish Grand Prix,0
22,,TSU,tsunoda,Red Bull,,red_bull,Yuki,Tsunoda,Yuki Tsunoda,,,13.0,13,19.0,,,,0 days 00:00:28.822000,Finished,0.0,66.0,20.0,2025-Spanish Grand Prix,0
55,,SAI,sainz,Williams,,williams,Carlos,Sainz,Carlos Sainz,,,14.0,14,17.0,,,,0 days 00:00:29.309000,Finished,0.0,66.0,18.0,2025-Spanish Grand Prix,0
43,,COL,colapinto,Alpine F1 Team,,alpine,Franco,Colapinto,Franco Colapinto,,,15.0,15,18.0,,,,0 days 00:00:31.381000,Finished,0.0,66.0,19.0,2025-Spanish Grand Prix,0
31,,OCO,ocon,Haas F1 Team,,haas,Esteban,Ocon,Esteban Ocon,,,16.0,16,16.0,,,,0 days 00:00:32.197000,Finished,0.0,66.0,17.0,2025-Spanish Grand Prix,0
87,,BEA,bearman,Haas F1 Team,,haas,Oliver,Bearman,Oliver Bearman,,,17.0,17,14.0,,,,0 days 00:00:37.065000,Finished,0.0,66.0,15.0,2025-Spanish Grand Prix,0
12,,ANT,antonelli,Mercedes,,mercedes,Andrea Kimi,Antonelli,Andrea Kimi Antonelli,,,18.0,R,6.0,,,,,Retired,0.0,53.0,6.0,2025-Spanish Grand Prix,0
23,,ALB,albon,Williams,,williams,Alexander,Albon,Alexander Albon,,,19.0,R,11.0,,,,,Retired,0.0,27.0,11.0,2025-Spanish Grand Prix,0
63,,RUS,russell,Mercedes,,mercedes,George,Russell,George Russell,,,1.0,1,1.0,,,,0 days 01:31:52.688000,Finished,25.0,70.0,1.0,2025-Canadian Grand Prix,1
1,,VER,max_verstappen,Red Bull,,red_bull,Max,Verstappen,Max Verstappen,,,2.0,2,2.0,,,,0 days 00:00:00.228000,Finished,18.0,70.0,2.0,2025-Canadian Grand Prix,0
12,,ANT,antonelli,Mercedes,,mercedes,Andrea Kimi,Antonelli,Andrea Kimi Antonelli,,,3.0,3,4.0,,,,0 days 00:00:01.014000,Finished,15.0,70.0,4.0,2025-Canadian Grand Prix,0
81,,PIA,piastri,McLaren,,mclaren,Oscar,Piastri,Oscar Piastri,,,4.0,4,3.0,,,,0 days 00:00:02.109000,Finished,12.0,70.0,3.0,2025-Canadian Grand Prix,0
16,,LEC,leclerc,Ferrari,,ferrari,Charles,Leclerc,Charles Leclerc,,,5.0,5,8.0,,,,0 days 00:00:03.442000,Finished,10.0,70.0,8.0,2025-Canadian Grand Prix,0
44,,HAM,hamilton,Ferrari,,ferrari,Lewis,Hamilton,Lewis Hamilton,,,6.0,6,5.0,,,,0 days 00:00:10.713000,Finished,8.0,70.0,5.0,2025-Canadian Grand Prix,0
14,,ALO,alonso,Aston Martin,,aston_martin,Fernando,Alonso,Fernando Alonso,,,7.0,7,6.0,,,,0 days 00:00:10.972000,Finished,6.0,70.0,6.0,2025-Canadian Grand Prix,0
27,,HUL,hulkenberg,Sauber,,sauber,Nico,Hülkenberg,Nico Hülkenberg,,,8.0,8,11.0,,,,0 days 00:00:15.364000,Finished,4.0,70.0,13.0,2025-Canadian Grand Prix,0
31,,OCO,ocon,Haas F1 Team,,haas,Esteban,Ocon,Esteban Ocon,,,9.0,9,14.0,,,,0 days 00:00:01.473000,Lapped,2.0,69.0,15.0,2025-Canadian Grand Prix,0
55,,SAI,sainz,Williams,,williams,Carlos,Sainz,Carlos Sainz,,,10.0,10,16.0,,,,0 days 00:00:01.886000,Lapped,1.0,69.0,17.0,2025-Canadian Grand Prix,0
87,,BEA,bearman,Haas F1 Team,,haas,Oliver,Bearman,Oliver Bearman,,,11.0,11,13.0,,,,0 days 00:00:03.717000,Lapped,0.0,69.0,14.0,2025-Canadian Grand Prix,0
22,,TSU,tsunoda,Red Bull,,red_bull,Yuki,Tsunoda,Yuki Tsunoda,,,12.0,12,18.0,,,,0 days 00:00:05.456000,Lapped,0.0,69.0,11.0,2025-Canadian Grand Prix,0
43,,COL,colapinto,Alpine F1 Team,,alpine,Franco,Colapinto,Franco Colapinto,,,13.0,13,10.0,,,,0 days 00:00:07.018000,Lapped,0.0,69.0,12.0,2025-Canadian Grand Prix,0
5,,BOR,bortoleto,Sauber,,sauber,Gabriel,Bortoleto,Gabriel Bortoleto,,,14.0,14,15.0,,,,0 days 00:00:07.879000,Lapped,0.0,69.0,16.0,2025-Canadian Grand Prix,0
10,,GAS,gasly,Alpine F1 Team,,alpine,Pierre,Gasly,Pierre Gasly,,,15.0,15,20.0,,,,0 days 00:00:07.950000,Lapped,0.0,69.0,20.0,2025-Canadian Grand Prix,0
6,,HAD,hadjar,RB F1 Team,,rb,Isack,Hadjar,Isack Hadjar,,,16.0,16,12.0,,,,0 days 00:00:08.737000,Lapped,0.0,69.0,9.0,2025-Canadian Grand Prix,0
18,,STR,stroll,Aston Martin,,aston_martin,Lance,Stroll,Lance Stroll,,,17.0,17,17.0,,,,0 days 00:00:09.063000,Lapped,0.0,69.0,18.0,2025-Canadian Grand Prix,0
4,,NOR,norris,McLaren,,mclaren,Lando,Norris,Lando Norris,,,18.0,18,7.0,,,,,Retired,0.0,66.0,7.0,2025-Canadian Grand Prix,0
30,,LAW,lawson,RB F1 Team,,rb,Liam,Lawson,Liam Lawson,,,19.0,R,19.0,,,,,Retired,0.0,53.0,19.0,2025-Canadian Grand Prix,0
23,,ALB,albon,Williams,,williams,Alexander,Albon,Alexander Albon,,,20.0,R,9.0,,,,,Retired,0.0,46.0,10.0,2025-Canadian Grand Prix,0
4,,NOR,norris,McLaren,,mclaren,Lando,Norris,Lando Norris,,,1.0,1,1.0,,,,0 days 01:23:47.693000,Finished,25.0,70.0,1.0,2025-Austrian Grand Prix,1
81,,PIA,piastri,McLaren,,mclaren,Oscar,Piastri,Oscar Piastri,,,2.0,2,3.0,,,,0 days 00:00:02.695000,Finished,18.0,70.0,3.0,2025-Austrian Grand Prix,0
16,,LEC,leclerc,Ferrari,,ferrari,Charles,Leclerc,Charles Leclerc,,,3.0,3,2.0,,,,0 days 00:00:19.820000,Finished,15.0,70.0,2.0,2025-Austrian Grand Prix,0
44,,HAM,hamilton,Ferrari,,ferrari,Lewis,Hamilton,Lewis Hamilton,,,4.0,4,4.0,,,,0 days 00:00:29.020000,Finished,12.0,70.0,4.0,2025-Austrian Grand Prix,0
63,,RUS,russell,Mercedes,,mercedes,George,Russell,George Russell,,,5.0,5,5.0,,,,0 days 00:01:02.396000,Finished,10.0,70.0,5.0,2025-Austrian Grand Prix,0
30,,LAW,lawson,RB F1 Team,,rb,Liam,Lawson,Liam Lawson,,,6.0,6,6.0,,,,0 days 00:01:07.754000,Finished,8.0,70.0,6.0,2025-Austrian Grand Prix,0
14,,ALO,alonso,Aston Martin,,aston_martin,Fernando,Alonso,Fernando Alonso,,,7.0,7,11.0,,,,0 days 00:00:01.437000,Lapped,6.0,69.0,11.0,2025-Austrian Grand Prix,0
5,,BOR,bortoleto,Sauber,,sauber,Gabriel,Bortoleto,Gabriel Bortoleto,,,8.0,8,8.0,,,,0 days 00:00:01.952000,Lapped,4.0,69.0,8.0,2025-Austrian Grand Prix,0
27,,HUL,hulkenberg,Sauber,,sauber,Nico,Hülkenberg,Nico Hülkenberg,,,9.0,9,20.0,,,,0 days 00:00:07.720000,Lapped,2.0,69.0,20.0,2025-Austrian Grand Prix,0
31,,OCO,ocon,Haas F1 Team,,haas,Esteban,Ocon,Esteban Ocon,,,10.0,10,17.0,,,,0 days 00:00:09.986000,Lapped,1.0,69.0,17.0,2025-Austrian Grand Prix,0
87,,BEA,bearman,Haas F1 Team,,haas,Oliver,Bearman,Oliver Bearman,,,11.0,11,15.0,,,,0 days 00:00:24.854000,Lapped,0.0,69.0,15.0,2025-Austrian Grand Prix,0
6,,HAD,hadjar,RB F1 Team,,rb,Isack,Hadjar,Isack Hadjar,,,12.0,12,13.0,,,,0 days 00:00:27.957000,Lapped,0.0,69.0,13.0,2025-Austrian Grand Prix,0
10,,GAS,gasly,Alpine F1 Team,,alpine,Pierre,Gasly,Pierre Gasly,,,13.0,13,10.0,,,,0 days 00:00:33.055000,Lapped,0.0,69.0,10.0,2025-Austrian Grand Prix,0
18,,STR,stroll,Aston Martin,,aston_martin,Lance,Stroll,Lance Stroll,,,14.0,14,16.0,,,,0 days 00:00:34.462000,Lapped,0.0,69.0,16.0,2025-Austrian Grand Prix,0
43,,COL,colapinto,Alpine F1 Team,,alpine,Franco,Colapinto,Franco Colapinto,,,15.0,15,14.0,,,,0 days 00:00:42.692000,Lapped,0.0,69.0,14.0,2025-Austrian Grand Prix,0
22,,TSU,tsunoda,Red Bull,,red_bull,Yuki,Tsunoda,Yuki Tsunoda,,,16.0,16,18.0,,,,0 days 00:00:02.979000,Lapped,0.0,68.0,18.0,2025-Austrian Grand Prix,0
23,,ALB,albon,Williams,,williams,Alexander,Albon,Alexander Albon,,,17.0,R,12.0,,,,,Retired,0.0,15.0,12.0,2025-Austrian Grand Prix,0
1,,VER,max_verstappen,Red Bull,,red_bull,Max,Verstappen,Max Verstappen,,,18.0,R,7.0,,,,,Retired,0.0,0.0,7.0,2025-Austrian Grand Prix,0
12,,ANT,antonelli,Mercedes,,mercedes,Andrea Kimi,Antonelli,Andrea Kimi Antonelli,,,19.0,R,9.0,,,,,Retired,0.0,0.0,9.0,2025-Austrian Grand Prix,0
55,,SAI,sainz,Williams,,williams,Carlos,Sainz,Carlos Sainz,,,20.0,W,19.0,,,,,Did not start,0.0,0.0,19.0,2025-Austrian Grand Prix,0
4,,NOR,norris,McLaren,,mclaren,Lando,Norris,Lando Norris,,,1.0,1,3.0,,,,0 days 01:37:15.735000,Finished,25.0,52.0,3.0,2025-British Grand Prix,1
81,,PIA,piastri,McLaren,,mclaren,Oscar,Piastri,Oscar Piastri,,,2.0,2,2.0,,,,0 days 00:00:06.812000,Finished,18.0,52.0,2.0,2025-British Grand Prix,0
27,,HUL,hulkenberg,Sauber,,sauber,Nico,Hülkenberg,Nico Hülkenberg,,,3.0,3,19.0,,,,0 days 00:00:34.742000,Finished,15.0,52.0,19.0,2025-British Grand Prix,0
44,,HAM,hamilton,Ferrari,,ferrari,Lewis,Hamilton,Lewis Hamilton,,,4.0,4,5.0,,,,0 days 00:00:39.812000,Finished,12.0,52.0,5.0,2025-British Grand Prix,0
1,,VER,max_verstappen,Red Bull,,red_bull,Max,Verstappen,Max Verstappen,,,5.0,5,1.0,,,,0 days 00:00:56.781000,Finished,10.0,52.0,1.0,2025-British Grand Prix,0
10,,GAS,gasly,Alpine F1 Team,,alpine,Pierre,Gasly,Pierre Gasly,,,6.0,6,8.0,,,,0 days 00:00:59.857000,Finished,8.0,52.0,10.0,2025-British Grand Prix,0
18,,STR,stroll,Aston Martin,,aston_martin,Lance,Stroll,Lance Stroll,,,7.0,7,17.0,,,,0 days 00:01:00.603000,Finished,6.0,52.0,18.0,2025-British Grand Prix,0
23,,ALB,albon,Williams,,williams,Alexander,Albon,Alexander Albon,,,8.0,8,13.0,,,,0 days 00:01:04.135000,Finished,4.0,52.0,14.0,2025-British Grand Prix,0
14,,ALO,alonso,Aston Martin,,aston_martin,Fernando,Alonso,Fernando Alonso,,,9.0,9,7.0,,,,0 days 00:01:05.858000,Finished,2.0,52.0,9.0,2025-British Grand Prix,0
63,,RUS,russell,Mercedes,,mercedes,George,Russell,George Russell,,,10.0,10,4.0,,,,0 days 00:01:10.674000,Finished,1.0,52.0,4.0,2025-British Grand Prix,0
87,,BEA,bearman,Haas F1 Team,,haas,Oliver,Bearman,Oliver Bearman,,,11.0,11,18.0,,,,0 days 00:01:12.095000,Finished,0.0,52.0,8.0,2025-British Grand Prix,0
55,,SAI,sainz,Williams,,williams,Carlos,Sainz,Carlos Sainz,,,12.0,12,9.0,,,,0 days 00:01:16.592000,Finished,0.0,52.0,11.0,2025-British Grand Prix,0
31,,OCO,ocon,Haas F1 Team,,haas,Esteban,Ocon,Esteban Ocon,,,13.0,13,14.0,,,,0 days 00:01:17.301000,Finished,0.0,52.0,15.0,2025-British Grand Prix,0
16,,LEC,leclerc,Ferrari,,ferrari,Charles,Leclerc,Charles Leclerc,,,14.0,14,6.0,,,,0 days 00:01:24.477000,Finished,0.0,52.0,6.0,2025-British Grand Prix,0
22,,TSU,tsunoda,Red Bull,,red_bull,Yuki,Tsunoda,Yuki Tsunoda,,,15.0,15,11.0,,,,0 days 00:00:32.250000,Lapped,0.0,51.0,12.0,2025-British Grand Prix,0
12,,ANT,antonelli,Mercedes,,mercedes,Andrea Kimi,Antonelli,Andrea Kimi Antonelli,,,16.0,R,10.0,,,,,Retired,0.0,23.0,7.0,2025-British Grand Prix,0
6,,HAD,hadjar,RB F1 Team,,rb,Isack,Hadjar,Isack Hadjar,,,17.0,R,12.0,,,,,Retired,0.0,17.0,13.0,2025-British Grand Prix,0
5,,BOR,bortoleto,Sauber,,sauber,Gabriel,Bortoleto,Gabriel Bortoleto,,,18.0,R,16.0,,,,,Retired,0.0,3.0,17.0,2025-British Grand Prix,0
30,,LAW,lawson,RB F1 Team,,rb,Liam,Lawson,Liam Lawson,,,19.0,R,15.0,,,,,Retired,0.0,0.0,16.0,2025-British Grand Prix,0
43,,COL,colapinto,Alpine F1 Team,,alpine,Franco,Colapinto,Franco Colapinto,,,20.0,W,20.0,,,,,Did not start,0.0,0.0,20.0,2025-British Grand Prix,0
81,,PIA,piastri,McLaren,,mclaren,Oscar,Piastri,Oscar Piastri,,,1.0,1,2.0,,,,0 days 01:25:22.601000,Finished,25.0,44.0,2.0,2025-Belgian Grand Prix,1
4,,NOR,norris,McLaren,,mclaren,Lando,Norris,Lando Norris,,,2.0,2,1.0,,,,0 days 00:00:03.415000,Finished,18.0,44.0,1.0,2025-Belgian Grand Prix,0
16,,LEC,leclerc,Ferrari,,ferrari,Charles,Leclerc,Charles Leclerc,,,3.0,3,3.0,,,,0 days 00:00:20.185000,Finished,15.0,44.0,3.0,2025-Belgian Grand Prix,0
1,,VER,max_verstappen,Red Bull,,red_bull,Max,Verstappen,Max Verstappen,,,4.0,4,4.0,,,,0 days 00:00:21.731000,Finished,12.0,44.0,4.0,2025-Belgian Grand Prix,0
63,,RUS,russell,Mercedes,,mercedes,George,Russell,George Russell,,,5.0,5,6.0,,,,0 days 00:00:34.863000,Finished,10.0,44.0,6.0,2025-Belgian Grand Prix,0
23,,ALB,albon,Williams,,williams,Alexander,Albon,Alexander Albon,,,6.0,6,5.0,,,,0 days 00:00:39.926000,Finished,8.0,44.0,5.0,2025-Belgian Grand Prix,0
44,,HAM,hamilton,Ferrari,,ferrari,Lewis,Hamilton,Lewis Hamilton,,,7.0,7,18.0,,,,0 days 00:00:40.679000,Finished,6.0,44.0,16.0,2025-Belgian Grand Prix,0
30,,LAW,lawson,RB F1 Team,,rb,Liam,Lawson,Liam Lawson,,,8.0,8,9.0,,,,0 days 00:00:52.033000,Finished,4.0,44.0,9.0,2025-Belgian Grand Prix,0
5,,BOR,bortoleto,Sauber,,sauber,Gabriel,Bortoleto,Gabriel Bortoleto,,,9.0,9,10.0,,,,0 days 00:00:56.434000,Finished,2.0,44.0,10.0,2025-Belgian Grand Prix,0
10,,GAS,gasly,Alpine F1 Team,,alpine,Pierre,Gasly,Pierre Gasly,,,10.0,10,13.0,,,,0 days 00:01:12.714000,Finished,1.0,44.0,13.0,2025-Belgian Grand Prix,0
87,,BEA,bearman,Haas F1 Team,,haas,Oliver,Bearman,Oliver Bearman,,,11.0,11,12.0,,,,0 days 00:01:13.145000,Finished,0.0,44.0,12.0,2025-Belgian Grand Prix,0
27,,HUL,hulkenberg,Sauber,,sauber,Nico,Hülkenberg,Nico Hülkenberg,,,12.0,12,14.0,,,,0 days 00:01:13.628000,Finished,0.0,44.0,14.0,2025-Belgian Grand Prix,0
22,,TSU,tsunoda,Red Bull,,red_bull,Yuki,Tsunoda,Yuki Tsunoda,,,13.0,13,7.0,,,,0 days 00:01:15.395000,Finished,0.0,44.0,7.0,2025-Belgian Grand Prix,0
18,,STR,stroll,Aston Martin,,aston_martin,Lance,Stroll,Lance Stroll,,,14.0,14,16.0,,,,0 days 00:01:19.831000,Finished,0.0,44.0,20.0,2025-Belgian Grand Prix,0
31,,OCO,ocon,Haas F1 Team,,haas,Esteban,Ocon,Esteban Ocon,,,15.0,15,11.0,,,,0 days 00:01:26.063000,Finished,0.0,44.0,11.0,2025-Belgian Grand Prix,0
12,,ANT,antonelli,Mercedes,,mercedes,Andrea Kimi,Antonelli,Andrea Kimi Antonelli,,,16.0,16,19.0,,,,0 days 00:01:26.721000,Finished,0.0,44.0,18.0,2025-Belgian Grand Prix,0
14,,ALO,alonso,Aston Martin,,aston_martin,Fernando,Alonso,Fernando Alonso,,,17.0,17,20.0,,,,0 days 00:01:27.924000,Finished,0.0,44.0,19.0,2025-Belgian Grand Prix,0
55,,SAI,sainz,Williams,,williams,Carlos,Sainz,Carlos Sainz,,,18.0,18,17.0,,,,0 days 00:01:32.024000,Finished,0.0,44.0,15.0,2025-Belgian Grand Prix,0
43,,COL,colapinto,Alpine F1 Team,,alpine,Franco,Colapinto,Franco Colapinto,,,19.0,19,15.0,,,,0 days 00:01:35.250000,Finished,0.0,44.0,17.0,2025-Belgian Grand Prix,0
6,,HAD,hadjar,RB F1 Team,,rb,Isack,Hadjar,Isack Hadjar,,,20.0,20,8.0,,,,0 days 00:00:12.942000,Lapped,0.0,43.0,8.0,2025-Belgian Grand Prix,0
4,,NOR,norris,McLaren,,mclaren,Lando,Norris,Lando Norris,,,1.0,1,3.0,,,,0 days 01:35:21.231000,Finished,25.0,70.0,3.0,2025-Hungarian Grand Prix,1
81,,PIA,piastri,McLaren,,mclaren,Oscar,Piastri,Oscar Piastri,,,2.0,2,2.0,,,,0 days 00:00:00.698000,Finished,18.0,70.0,2.0,2025-Hungarian Grand Prix,0
63,,RUS,russell,Mercedes,,mercedes,George,Russell,George Russell,,,3.0,3,4.0,,,,0 days 00:00:21.916000,Finished,15.0,70.0,4.0,2025-Hungarian Grand Prix,0
16,,LEC,leclerc,Ferrari,,ferrari,Charles,Leclerc,Charles Leclerc,,,4.0,4,1.0,,,,0 days 00:00:42.560000,Finished,12.0,70.0,1.0,2025-Hungarian Grand Prix,0
14,,ALO,alonso,Aston Martin,,aston_martin,Fernando,Alonso,Fernando Alonso,,,5.0,5,5.0,,,,0 days 00:00:59.040000,Finished,10.0,70.0,5.0,2025-Hungarian Grand Prix,0
5,,BOR,bortoleto,Sauber,,sauber,Gabriel,Bortoleto,Gabriel Bortoleto,,,6.0,6,7.0,,,,0 days 00:01:06.169000,Finished,8.0,70.0,7.0,2025-Hungarian Grand Prix,0
18,,STR,stroll,Aston Martin,,aston_martin,Lance,Stroll,Lance Stroll,,,7.0,7,6.0,,,,0 days 00:01:08.174000,Finished,6.0,70.0,6.0,2025-Hungarian Grand Prix,0
30,,LAW,lawson,RB F1 Team,,rb,Liam,Lawson,Liam Lawson,,,8.0,8,9.0,,,,0 days 00:01:09.451000,Finished,4.0,70.0,9.0,2025-Hungarian Grand Prix,0
1,,VER,max_verstappen,Red Bull,,red_bull,Max,Verstappen,Max Verstappen,,,9.0,9,8.0,,,,0 days 00:01:12.645000,Finished,2.0,70.0,8.0,2025-Hungarian Grand Prix,0
12,,ANT,antonelli,Mercedes,,mercedes,Andrea Kimi,Antonelli,Andrea Kimi Antonelli,,,10.0,10,15.0,,,,0 days 00:00:07.649000,Lapped,1.0,69.0,15.0,2025-Hungarian Grand Prix,0
6,,HAD,hadjar,RB F1 Team,,rb,Isack,Hadjar,Isack Hadjar,,,11.0,11,10.0,,,,0 days 00:00:08.500000,Lapped,0.0,69.0,10.0,2025-Hungarian Grand Prix,0
44,,HAM,hamilton,Ferrari,,ferrari,Lewis,Hamilton,Lewis Hamilton,,,12.0,12,12.0,,,,0 days 00:00:09.861000,Lapped,0.0,69.0,12.0,2025-Hungarian Grand Prix,0
27,,HUL,hulkenberg,Sauber,,sauber,Nico,Hülkenberg,Nico Hülkenberg,,,13.0,13,18.0,,,,0 days 00:00:31.268000,Lapped,0.0,69.0,19.0,2025-Hungarian Grand Prix,0
55,,SAI,sainz,Williams,,williams,Carlos,Sainz,Carlos Sainz,,,14.0,14,13.0,,,,0 days 00:00:33.326000,Lapped,0.0,69.0,13.0,2025-Hungarian Grand Prix,0
23,,ALB,albon,Williams,,williams,Alexander,Albon,Alexander Albon,,,15.0,15,19.0,,,,0 days 00:00:38.111000,Lapped,0.0,69.0,20.0,2025-Hungarian Grand Prix,0
31,,OCO,ocon,Haas F1 Team,,haas,Esteban,Ocon,Esteban Ocon,,,16.0,16,17.0,,,,0 days 00:00:45.258000,Lapped,0.0,69.0,18.0,2025-Hungarian Grand Prix,0
22,,TSU,tsunoda,Red Bull,,red_bull,Yuki,Tsunoda,Yuki Tsunoda,,,17.0,17,20.0,,,,0 days 00:00:46.943000,Lapped,0.0,69.0,16.0,2025-Hungarian Grand Prix,0
43,,COL,colapinto,Alpine F1 Team,,alpine,Franco,Colapinto,Franco Colapinto,,,18.0,18,14.0,,,,0 days 00:00:47.370000,Lapped,0.0,69.0,14.0,2025-Hungarian Grand Prix,0
10,,GAS,gasly,Alpine F1 Team,,alpine,Pierre,Gasly,Pierre Gasly,,,19.0,19,16.0,,,,0 days 00:00:56.344000,Lapped,0.0,69.0,17.0,2025-Hungarian Grand Prix,0
87,,BEA,bearman,Haas F1 Team,,haas,Oliver,Bearman,Oliver Bearman,,,20.0,R,11.0,,,,,Retired,0.0,48.0,11.0,2025-Hungarian Grand Prix,0
81,,PIA,piastri,McLaren,,mclaren,Oscar,Piastri,Oscar Piastri,,,1.0,1,1.0,,,,0 days 01:38:29.849000,Finished,25.0,72.0,1.0,2025-Dutch Grand Prix,1
1,,VER,max_verstappen,Red Bull,,red_bull,Max,Verstappen,Max Verstappen,,,2.0,2,3.0,,,,0 days 00:00:01.271000,Finished,18.0,72.0,3.0,2025-Dutch Grand Prix,0
6,,HAD,hadjar,RB F1 Team,,rb,Isack,Hadjar,Isack Hadjar,,,3.0,3,4.0,,,,0 days 00:00:03.233000,Finished,15.0,72.0,4.0,2025-Dutch Grand Prix,0
63,,RUS,russell,Mercedes,,mercedes,George,Russell,George Russell,,,4.0,4,5.0,,,,0 days 00:00:05.654000,Finished,12.0,72.0,5.0,2025-Dutch Grand Prix,0
23,,ALB,albon,Williams,,williams,Alexander,Albon,Alexander Albon,,,5.0,5,15.0,,,,0 days 00:00:06.327000,Finished,10.0,72.0,15.0,2025-Dutch Grand Prix,0
87,,BEA,bearman,Haas F1 Team,,haas,Oliver,Bearman,Oliver Bearman,,,6.0,6,20.0,,,,0 days 00:00:09.044000,Finished,8.0,72.0,19.0,2025-Dutch Grand Prix,0
18,,STR,stroll,Aston Martin,,aston_martin,Lance,Stroll,Lance Stroll,,,7.0,7,19.0,,,,0 days 00:00:09.497000,Finished,6.0,72.0,20.0,2025-Dutch Grand Prix,0
14,,ALO,alonso,Aston Martin,,aston_martin,Fernando,Alonso,Fernando Alonso,,,8.0,8,10.0,,,,0 days 00:00:11.709000,Finished,4.0,72.0,10.0,2025-Dutch Grand Prix,0
22,,TSU,tsunoda,Red Bull,,red_bull,Yuki,Tsunoda,Yuki Tsunoda,,,9.0,9,12.0,,,,0 days 00:00:13.597000,Finished,2.0,72.0,12.0,2025-Dutch Grand Prix,0
31,,OCO,ocon,Haas F1 Team,,haas,Esteban,Ocon,Esteban Ocon,,,10.0,10,18.0,,,,0 days 00:00:14.063000,Finished,1.0,72.0,18.0,2025-Dutch Grand Prix,0
43,,COL,colapinto,Alpine F1 Team,,alpine,Franco,Colapinto,Franco Colapinto,,,11.0,11,16.0,,,,0 days 00:00:14.511000,Finished,0.0,72.0,16.0,2025-Dutch Grand Prix,0
30,,LAW,lawson,RB F1 Team,,rb,Liam,Lawson,Liam Lawson,,,12.0,12,8.0,,,,0 days 00:00:17.063000,Finished,0.0,72.0,8.0,2025-Dutch Grand Prix,0
55,,SAI,sainz,Williams,,williams,Carlos,Sainz,Carlos Sainz,,,13.0,13,9.0,,,,0 days 00:00:17.376000,Finished,0.0,72.0,9.0,2025-Dutch Grand Prix,0
27,,HUL,hulkenberg,Sauber,,sauber,Nico,Hülkenberg,Nico Hülkenberg,,,14.0,14,17.0,,,,0 days 00:00:19.725000,Finished,0.0,72.0,17.0,2025-Dutch Grand Prix,0
5,,BOR,bortoleto,Sauber,,sauber,Gabriel,Bortoleto,Gabriel Bortoleto,,,15.0,15,13.0,,,,0 days 00:00:21.565000,Finished,0.0,72.0,13.0,2025-Dutch Grand Prix,0
12,,ANT,antonelli,Mercedes,,mercedes,Andrea Kimi,Antonelli,Andrea Kimi Antonelli,,,16.0,16,11.0,,,,0 days 00:00:22.029000,Finished,0.0,72.0,11.0,2025-Dutch Grand Prix,0
10,,GAS,gasly,Alpine F1 Team,,alpine,Pierre,Gasly,Pierre Gasly,,,17.0,17,14.0,,,,0 days 00:00:23.629000,Finished,0.0,72.0,14.0,2025-Dutch Grand Prix,0
4,,NOR,norris,McLaren,,mclaren,Lando,Norris,Lando Norris,,,18.0,18,2.0,,,,,Retired,0.0,64.0,2.0,2025-Dutch Grand Prix,0
16,,LEC,leclerc,Ferrari,,ferrari,Charles,Leclerc,Charles Leclerc,,,19.0,R,6.0,,,,,Retired,0.0,52.0,6.0,2025-Dutch Grand Prix,0
44,,HAM,hamilton,Ferrari,,ferrari,Lewis,Hamilton,Lewis Hamilton,,,20.0,R,7.0,,,,,Retired,0.0,22.0,7.0,2025-Dutch Grand Prix,0
1,,VER,max_verstappen,Red Bull,,red_bull,Max,Verstappen,Max Verstappen,,,1.0,1,1.0,,,,0 days 01:13:24.325000,Finished,25.0,53.0,1.0,2025-Italian Grand Prix,1
4,,NOR,norris,McLaren,,mclaren,Lando,Norris,Lando Norris,,,2.0,2,2.0,,,,0 days 00:00:19.207000,Finished,18.0,53.0,2.0,2025-Italian Grand Prix,0
81,,PIA,piastri,McLaren,,mclaren,Oscar,Piastri,Oscar Piastri,,,3.0,3,3.0,,,,0 days 00:00:21.351000,Finished,15.0,53.0,3.0,2025-Italian Grand Prix,0
16,,LEC,leclerc,Ferrari,,ferrari,Charles,Leclerc,Charles Leclerc,,,4.0,4,4.0,,,,0 days 00:00:25.624000,Finished,12.0,53.0,4.0,2025-Italian Grand Prix,0
63,,RUS,russell,Mercedes,,mercedes,George,Russell,George Russell,,,5.0,5,5.0,,,,0 days 00:00:32.881000,Finished,10.0,53.0,6.0,2025-Italian Grand Prix,0
44,,HAM,hamilton,Ferrari,,ferrari,Lewis,Hamilton,Lewis Hamilton,,,6.0,6,10.0,,,,0 days 00:00:37.449000,Finished,8.0,53.0,5.0,2025-Italian Grand Prix,0
23,,ALB,albon,Williams,,williams,Alexander,Albon,Alexander Albon,,,7.0,7,14.0,,,,0 days 00:00:50.537000,Finished,6.0,53.0,14.0,2025-Italian Grand Prix,0
5,,BOR,bortoleto,Sauber,,sauber,Gabriel,Bortoleto,Gabriel Bortoleto,,,8.0,8,7.0,,,,0 days 00:00:58.484000,Finished,4.0,53.0,8.0,2025-Italian Grand Prix,0
12,,ANT,antonelli,Mercedes,,mercedes,Andrea Kimi,Antonelli,Andrea Kimi Antonelli,,,9.0,9,6.0,,,,0 days 00:00:59.762000,Finished,2.0,53.0,7.0,2025-Italian Grand Prix,0
6,,HAD,hadjar,RB F1 Team,,rb,Isack,Hadjar,Isack Hadjar,,,10.0,10,19.0,,,,0 days 00:01:03.891000,Finished,1.0,53.0,16.0,2025-Italian Grand Prix,0
55,,SAI,sainz,Williams,,williams,Carlos,Sainz,Carlos Sainz,,,11.0,11,13.0,,,,0 days 00:01:04.469000,Finished,0.0,53.0,13.0,2025-Italian Grand Prix,0
87,,BEA,bearman,Haas F1 Team,,haas,Oliver,Bearman,Oliver Bearman,,,12.0,12,11.0,,,,0 days 00:01:19.288000,Finished,0.0,53.0,11.0,2025-Italian Grand Prix,0
22,,TSU,tsunoda,Red Bull,,red_bull,Yuki,Tsunoda,Yuki Tsunoda,,,13.0,13,9.0,,,,0 days 00:01:20.701000,Finished,0.0,53.0,10.0,2025-Italian Grand Prix,0
30,,LAW,lawson,RB F1 Team,,rb,Liam,Lawson,Liam Lawson,,,14.0,14,18.0,,,,0 days 00:01:22.351000,Finished,0.0,53.0,20.0,2025-Italian Grand Prix,0
31,,OCO,ocon,Haas F1 Team,,haas,Esteban,Ocon,Esteban Ocon,,,15.0,15,15.0,,,,0 days 00:00:02.135000,Lapped,0.0,52.0,15.0,2025-Italian Grand Prix,0
10,,GAS,gasly,Alpine F1 Team,,alpine,Pierre,Gasly,Pierre Gasly,,,16.0,16,20.0,,,,0 days 00:00:05.837000,Lapped,0.0,52.0,19.0,2025-Italian Grand Prix,0
43,,COL,colapinto,Alpine F1 Team,,alpine,Franco,Colapinto,Franco Colapinto,,,17.0,17,17.0,,,,0 days 00:00:07.448000,Lapped,0.0,52.0,18.0,2025-Italian Grand Prix,0
18,,STR,stroll,Aston Martin,,aston_martin,Lance,Stroll,Lance Stroll,,,18.0,18,16.0,,,,0 days 00:00:09.301000,Lapped,0.0,52.0,17.0,2025-Italian Grand Prix,0
14,,ALO,alonso,Aston Martin,,aston_martin,Fernando,Alonso,Fernando Alonso,,,19.0,R,8.0,,,,,Retired,0.0,24.0,9.0,2025-Italian Grand Prix,0
27,,HUL,hulkenberg,Sauber,,sauber,Nico,Hülkenberg,Nico Hülkenberg,,,20.0,W,12.0,,,,,Did not start,0.0,0.0,12.0,2025-Italian Grand Prix,0
1,,VER,max_verstappen,Red Bull,,red_bull,Max,Verstappen,Max Verstappen,,,1.0,1,1.0,,,,0 days 01:33:26.408000,Finished,25.0,51.0,1.0,2025-Azerbaijan Grand Prix,1
63,,RUS,russell,Mercedes,,mercedes,George,Russell,George Russell,,,2.0,2,5.0,,,,0 days 00:00:14.609000,Finished,18.0,51.0,5.0,2025-Azerbaijan Grand Prix,0
55,,SAI,sainz,Williams,,williams,Carlos,Sainz,Carlos Sainz,,,3.0,3,2.0,,,,0 days 00:00:19.199000,Finished,15.0,51.0,2.0,2025-Azerbaijan Grand Prix,0
12,,ANT,antonelli,Mercedes,,mercedes,Andrea Kimi,Antonelli,Andrea Kimi Antonelli,,,4.0,4,4.0,,,,0 days 00:00:21.760000,Finished,12.0,51.0,4.0,2025-Azerbaijan Grand Prix,0
30,,LAW,lawson,RB F1 Team,,rb,Liam,Lawson,Liam Lawson,,,5.0,5,3.0,,,,0 days 00:00:33.290000,Finished,10.0,51.0,3.0,2025-Azerbaijan Grand Prix,0
22,,TSU,tsunoda,Red Bull,,red_bull,Yuki,Tsunoda,Yuki Tsunoda,,,6.0,6,6.0,,,,0 days 00:00:33.808000,Finished,8.0,51.0,6.0,2025-Azerbaijan Grand Prix,0
4,,NOR,norris,McLaren,,mclaren,Lando,Norris,Lando Norris,,,7.0,7,7.0,,,,0 days 00:00:34.227000,Finished,6.0,51.0,7.0,2025-Azerbaijan Grand Prix,0
44,,HAM,hamilton,Ferrari,,ferrari,Lewis,Hamilton,Lewis Hamilton,,,8.0,8,12.0,,,,0 days 00:00:36.310000,Finished,4.0,51.0,12.0,2025-Azerbaijan Grand Prix,0
16,,LEC,leclerc,Ferrari,,ferrari,Charles,Leclerc,Charles Leclerc,,,9.0,9,10.0,,,,0 days 00:00:36.774000,Finished,2.0,51.0,10.0,2025-Azerbaijan Grand Prix,0
6,,HAD,hadjar,RB F1 Team,,rb,Isack,Hadjar,Isack Hadjar,,,10.0,10,8.0,,,,0 days 00:00:38.982000,Finished,1.0,51.0,8.0,2025-Azerbaijan Grand Prix,0
5,,BOR,bortoleto,Sauber,,sauber,Gabriel,Bortoleto,Gabriel Bortoleto,,,11.0,11,13.0,,,,0 days 00:01:07.606000,Finished,0.0,51.0,13.0,2025-Azerbaijan Grand Prix,0
87,,BEA,bearman,Haas F1 Team,,haas,Oliver,Bearman,Oliver Bearman,,,12.0,12,15.0,,,,0 days 00:01:08.262000,Finished,0.0,51.0,15.0,2025-Azerbaijan Grand Prix,0
23,,ALB,albon,Williams,,williams,Alexander,Albon,Alexander Albon,,,13.0,13,19.0,,,,0 days 00:01:12.870000,Finished,0.0,51.0,19.0,2025-Azerbaijan Grand Prix,0
31,,OCO,ocon,Haas F1 Team,,haas,Esteban,Ocon,Esteban Ocon,,,14.0,14,20.0,,,,0 days 00:01:17.580000,Finished,0.0,51.0,20.0,2025-Azerbaijan Grand Prix,0
14,,ALO,alonso,Aston Martin,,aston_martin,Fernando,Alonso,Fernando Alonso,,,15.0,15,11.0,,,,0 days 00:01:18.707000,Finished,0.0,51.0,11.0,2025-Azerbaijan Grand Prix,0
27,,HUL,hulkenberg,Sauber,,sauber,Nico,Hülkenberg,Nico Hülkenberg,,,16.0,16,17.0,,,,0 days 00:01:20.237000,Finished,0.0,51.0,17.0,2025-Azerbaijan Grand Prix,0
18,,STR,stroll,Aston Martin,,aston_martin,Lance,Stroll,Lance Stroll,,,17.0,17,14.0,,,,0 days 00:01:36.392000,Finished,0.0,51.0,14.0,2025-Azerbaijan Grand Prix,0
10,,GAS,gasly,Alpine F1 Team,,alpine,Pierre,Gasly,Pierre Gasly,,,18.0,18,18.0,,,,0 days 00:00:03.865000,Lapped,0.0,50.0,18.0,2025-Azerbaijan Grand Prix,0
43,,COL,colapinto,Alpine F1 Team,,alpine,Franco,Colapinto,Franco Colapinto,,,19.0,19,16.0,,,,0 days 00:00:06.325000,Lapped,0.0,50.0,16.0,2025-Azerbaijan Grand Prix,0
81,,PIA,piastri,McLaren,,mclaren,Oscar,Piastri,Oscar Piastri,,,20.0,R,9.0,,,,,Retired,0.0,0.0,9.0,2025-Azerbaijan Grand Prix,0
63,,RUS,russell,Mercedes,,mercedes,George,Russell,George Russell,,,1.0,1,1.0,,,,0 days 01:40:22.367000,Finished,25.0,62.0,1.0,2025-Singapore Grand Prix,1
1,,VER,max_verstappen,Red Bull,,red_bull,Max,Verstappen,Max Verstappen,,,2.0,2,2.0,,,,0 days 00:00:05.430000,Finished,18.0,62.0,2.0,2025-Singapore Grand Prix,0
4,,NOR,norris,McLaren,,mclaren,Lando,Norris,Lando Norris,,,3.0,3,5.0,,,,0 days 00:00:06.066000,Finished,15.0,62.0,5.0,2025-Singapore Grand Prix,0
81,,PIA,piastri,McLaren,,mclaren,Oscar,Piastri,Oscar Piastri,,,4.0,4,3.0,,,,0 days 00:00:08.146000,Finished,12.0,62.0,3.0,2025-Singapore Grand Prix,0
12,,ANT,antonelli,Mercedes,,mercedes,Andrea Kimi,Antonelli,Andrea Kimi Antonelli,,,5.0,5,4.0,,,,0 days 00:00:33.681000,Finished,10.0,62.0,4.0,2025-Singapore Grand Prix,0
16,,LEC,leclerc,Ferrari,,ferrari,Charles,Leclerc,Charles Leclerc,,,6.0,6,7.0,,,,0 days 00:00:45.996000,Finished,8.0,62.0,7.0,2025-Singapore Grand Prix,0
14,,ALO,alonso,Aston Martin,,aston_martin,Fernando,Alonso,Fernando Alonso,,,7.0,7,10.0,,,,0 days 00:01:20.667000,Finished,6.0,62.0,10.0,2025-Singapore Grand Prix,0
44,,HAM,hamilton,Ferrari,,ferrari,Lewis,Hamilton,Lewis Hamilton,,,8.0,8,6.0,,,,0 days 00:01:25.251000,Finished,4.0,62.0,6.0,2025-Singapore Grand Prix,0
87,,BEA,bearman,Haas F1 Team,,haas,Oliver,Bearman,Oliver Bearman,,,9.0,9,9.0,,,,0 days 00:01:33.527000,Finished,2.0,62.0,9.0,2025-Singapore Grand Prix,0
55,,SAI,sainz,Williams,,williams,Carlos,Sainz,Carlos Sainz,,,10.0,10,18.0,,,,0 days 00:00:10.754000,Lapped,1.0,61.0,20.0,2025-Singapore Grand Prix,0
6,,HAD,hadjar,RB F1 Team,,rb,Isack,Hadjar,Isack Hadjar,,,11.0,11,8.0,,,,0 days 00:00:17.335000,Lapped,0.0,61.0,8.0,2025-Singapore Grand Prix,0
22,,TSU,tsunoda,Red Bull,,red_bull,Yuki,Tsunoda,Yuki Tsunoda,,,12.0,12,13.0,,,,0 days 00:00:19.269000,Lapped,0.0,61.0,13.0,2025-Singapore Grand Prix,0
18,,STR,stroll,Aston Martin,,aston_martin,Lance,Stroll,Lance Stroll,,,13.0,13,15.0,,,,0 days 00:00:24.490000,Lapped,0.0,61.0,15.0,2025-Singapore Grand Prix,0
23,,ALB,albon,Williams,,williams,Alexander,Albon,Alexander Albon,,,14.0,14,20.0,,,,0 days 00:00:25.320000,Lapped,0.0,61.0,19.0,2025-Singapore Grand Prix,0
30,,LAW,lawson,RB F1 Team,,rb,Liam,Lawson,Liam Lawson,,,15.0,15,12.0,,,,0 days 00:00:27.145000,Lapped,0.0,61.0,12.0,2025-Singapore Grand Prix,0
43,,COL,colapinto,Alpine F1 Team,,alpine,Franco,Colapinto,Franco Colapinto,,,16.0,16,16.0,,,,0 days 00:00:42.890000,Lapped,0.0,61.0,16.0,2025-Singapore Grand Prix,0
5,,BOR,bortoleto,Sauber,,sauber,Gabriel,Bortoleto,Gabriel Bortoleto,,,17.0,17,14.0,,,,0 days 00:00:46.753000,Lapped,0.0,61.0,14.0,2025-Singapore Grand Prix,0
31,,OCO,ocon,Haas F1 Team,,haas,Esteban,Ocon,Esteban Ocon,,,18.0,18,17.0,,,,0 days 00:00:47.133000,Lapped,0.0,61.0,17.0,2025-Singapore Grand Prix,0
10,,GAS,gasly,Alpine F1 Team,,alpine,Pierre,Gasly,Pierre Gasly,,,19.0,19,19.0,,,,0 days 00:00:47.461000,Lapped,0.0,61.0,18.0,2025-Singapore Grand Prix,0
27,,HUL,hulkenberg,Sauber,,sauber,Nico,Hülkenberg,Nico Hülkenberg,,,20.0,20,11.0,,,,0 days 00:00:49.040000,Lapped,0.0,61.0,11.0,2025-Singapore Grand Prix,0
1,,VER,max_verstappen,Red Bull,,red_bull,Max,Verstappen,Max Verstappen,,,1.0,1,1.0,,,,0 days 01:34:00.161000,Finished,25.0,56.0,1.0,2025-United States Grand Prix,1
4,,NOR,norris,McLaren,,mclaren,Lando,Norris,Lando Norris,,,2.0,2,2.0,,,,0 days 00:00:07.959000,Finished,18.0,56.0,2.0,2025-United States Grand Prix,0
16,,LEC,leclerc,Ferrari,,ferrari,Charles,Leclerc,Charles Leclerc,,,3.0,3,3.0,,,,0 days 00:00:15.373000,Finished,15.0,56.0,3.0,2025-United States Grand Prix,0
44,,HAM,hamilton,Ferrari,,ferrari,Lewis,Hamilton,Lewis Hamilton,,,4.0,4,5.0,,,,0 days 00:00:28.536000,Finished,12.0,56.0,5.0,2025-United States Grand Prix,0
81,,PIA,piastri,McLaren,,mclaren,Oscar,Piastri,Oscar Piastri,,,5.0,5,6.0,,,,0 days 00:00:29.678000,Finished,10.0,56.0,6.0,2025-United States Grand Prix,0
63,,RUS,russell,Mercedes,,mercedes,George,Russell,George Russell,,,6.0,6,4.0,,,,0 days 00:00:33.456000,Finished,8.0,56.0,4.0,2025-United States Grand Prix,0
22,,TSU,tsunoda,Red Bull,,red_bull,Yuki,Tsunoda,Yuki Tsunoda,,,7.0,7,13.0,,,,0 days 00:00:52.714000,Finished,6.0,56.0,13.0,2025-United States Grand Prix,0
27,,HUL,hulkenberg,Sauber,,sauber,Nico,Hülkenberg,Nico Hülkenberg,,,8.0,8,11.0,,,,0 days 00:00:57.249000,Finished,4.0,56.0,11.0,2025-United States Grand Prix,0
87,,BEA,bearman,Haas F1 Team,,haas,Oliver,Bearman,Oliver Bearman,,,9.0,9,8.0,,,,0 days 00:01:04.722000,Finished,2.0,56.0,8.0,2025-United States Grand Prix,0
14,,ALO,alonso,Aston Martin,,aston_martin,Fernando,Alonso,Fernando Alonso,,,10.0,10,10.0,,,,0 days 00:01:10.001000,Finished,1.0,56.0,10.0,2025-United States Grand Prix,0
30,,LAW,lawson,RB F1 Team,,rb,Liam,Lawson,Liam Lawson,,,11.0,11,12.0,,,,0 days 00:01:13.209000,Finished,0.0,56.0,12.0,2025-United States Grand Prix,0
18,,STR,stroll,Aston Martin,,aston_martin,Lance,Stroll,Lance Stroll,,,12.0,12,19.0,,,,0 days 00:01:14.778000,Finished,0.0,56.0,18.0,2025-United States Grand Prix,0
12,,ANT,antonelli,Mercedes,,mercedes,Andrea Kimi,Antonelli,Andrea Kimi Antonelli,,,13.0,13,7.0,,,,0 days 00:01:15.746000,Finished,0.0,56.0,7.0,2025-United States Grand Prix,0
23,,ALB,albon,Williams,,williams,Alexander,Albon,Alexander Albon,,,14.0,14,18.0,,,,0 days 00:01:20,Finished,0.0,56.0,19.0,2025-United States Grand Prix,0
31,,OCO,ocon,Haas F1 Team,,haas,Esteban,Ocon,Esteban Ocon,,,15.0,15,17.0,,,,0 days 00:01:23.043000,Finished,0.0,56.0,17.0,2025-United States Grand Prix,0
6,,HAD,hadjar,RB F1 Team,,rb,Isack,Hadjar,Isack Hadjar,,,16.0,16,20.0,,,,0 days 00:01:32.807000,Finished,0.0,56.0,20.0,2025-United States Grand Prix,0
43,,COL,colapinto,Alpine F1 Team,,alpine,Franco,Colapinto,Franco Colapinto,,,17.0,17,15.0,,,,0 days 00:00:02.307000,Lapped,0.0,55.0,15.0,2025-United States Grand Prix,0
5,,BOR,bortoleto,Sauber,,sauber,Gabriel,Bortoleto,Gabriel Bortoleto,,,18.0,18,16.0,,,,0 days 00:00:03.557000,Lapped,0.0,55.0,16.0,2025-United States Grand Prix,0
10,,GAS,gasly,Alpine F1 Team,,alpine,Pierre,Gasly,Pierre Gasly,,,19.0,19,14.0,,,,0 days 00:00:06.155000,Lapped,0.0,55.0,14.0,2025-United States Grand Prix,0
55,,SAI,sainz,Williams,,williams,Carlos,Sainz,Carlos Sainz,,,20.0,R,9.0,,,,,Retired,0.0,5.0,9.0,2025-United States Grand Prix,0
4,,NOR,norris,McLaren,,mclaren,Lando,Norris,Lando Norris,,,1.0,1,1.0,,,,0 days 01:37:58.574000,Finished,25.0,71.0,1.0,2025-Mexico City Grand Prix,1
16,,LEC,leclerc,Ferrari,,ferrari,Charles,Leclerc,Charles Leclerc,,,2.0,2,2.0,,,,0 days 00:00:30.324000,Finished,18.0,71.0,2.0,2025-Mexico City Grand Prix,0
1,,VER,max_verstappen,Red Bull,,red_bull,Max,Verstappen,Max Verstappen,,,3.0,3,5.0,,,,0 days 00:00:31.049000,Finished,15.0,71.0,5.0,2025-Mexico City Grand Prix,0
87,,BEA,bearman,Haas F1 Team,,haas,Oliver,Bearman,Oliver Bearman,,,4.0,4,9.0,,,,0 days 00:00:40.955000,Finished,12.0,71.0,10.0,2025-Mexico City Grand Prix,0
81,,PIA,piastri,McLaren,,mclaren,Oscar,Piastri,Oscar Piastri,,,5.0,5,7.0,,,,0 days 00:00:42.065000,Finished,10.0,71.0,8.0,2025-Mexico City Grand Prix,0
12,,ANT,antonelli,Mercedes,,mercedes,Andrea Kimi,Antonelli,Andrea Kimi Antonelli,,,6.0,6,6.0,,,,0 days 00:00:47.837000,Finished,8.0,71.0,6.0,2025-Mexico City Grand Prix,0
63,,RUS,russell,Mercedes,,mercedes,George,Russell,George Russell,,,7.0,7,4.0,,,,0 days 00:00:50.287000,Finished,6.0,71.0,4.0,2025-Mexico City Grand Prix,0
44,,HAM,hamilton,Ferrari,,ferrari,Lewis,Hamilton,Lewis Hamilton,,,8.0,8,3.0,,,,0 days 00:00:56.446000,Finished,4.0,71.0,3.0,2025-Mexico City Grand Prix,0
31,,OCO,ocon,Haas F1 Team,,haas,Esteban,Ocon,Esteban Ocon,,,9.0,9,11.0,,,,0 days 00:01:15.464000,Finished,2.0,71.0,12.0,2025-Mexico City Grand Prix,0
5,,BOR,bortoleto,Sauber,,sauber,Gabriel,Bortoleto,Gabriel Bortoleto,,,10.0,10,16.0,,,,0 days 00:01:16.863000,Finished,1.0,71.0,16.0,2025-Mexico City Grand Prix,0
22,,TSU,tsunoda,Red Bull,,red_bull,Yuki,Tsunoda,Yuki Tsunoda,,,11.0,11,10.0,,,,0 days 00:01:19.048000,Finished,0.0,71.0,11.0,2025-Mexico City Grand Prix,0
23,,ALB,albon,Williams,,williams,Alexander,Albon,Alexander Albon,,,12.0,12,17.0,,,,0 days 00:00:02.450000,Lapped,0.0,70.0,17.0,2025-Mexico City Grand Prix,0
6,,HAD,hadjar,RB F1 Team,,rb,Isack,Hadjar,Isack Hadjar,,,13.0,13,8.0,,,,0 days 00:00:06.656000,Lapped,0.0,70.0,9.0,2025-Mexico City Grand Prix,0
18,,STR,stroll,Aston Martin,,aston_martin,Lance,Stroll,Lance Stroll,,,14.0,14,19.0,,,,0 days 00:00:07.035000,Lapped,0.0,70.0,19.0,2025-Mexico City Grand Prix,0
10,,GAS,gasly,Alpine F1 Team,,alpine,Pierre,Gasly,Pierre Gasly,,,15.0,15,18.0,,,,0 days 00:00:44.080000,Lapped,0.0,70.0,18.0,2025-Mexico City Grand Prix,0
43,,COL,colapinto,Alpine F1 Team,,alpine,Franco,Colapinto,Franco Colapinto,,,16.0,16,20.0,,,,0 days 00:00:44.376000,Lapped,0.0,70.0,20.0,2025-Mexico City Grand Prix,0
55,,SAI,sainz,Williams,,williams,Carlos,Sainz,Carlos Sainz,,,17.0,17,12.0,,,,,Retired,0.0,67.0,7.0,2025-Mexico City Grand Prix,0
14,,ALO,alonso,Aston Martin,,aston_martin,Fernando,Alonso,Fernando Alonso,,,18.0,R,14.0,,,,,Retired,0.0,34.0,14.0,2025-Mexico City Grand Prix,0
27,,HUL,hulkenberg,Sauber,,sauber,Nico,Hülkenberg,Nico Hülkenberg,,,19.0,R,13.0,,,,,Retired,0.0,25.0,13.0,2025-Mexico City Grand Prix,0
30,,LAW,lawson,RB F1 Team,,rb,Liam,Lawson,Liam Lawson,,,20.0,R,15.0,,,,,Retired,0.0,5.0,15.0,2025-Mexico City Grand Prix,0
4,,NOR,norris,McLaren,,mclaren,Lando,Norris,Lando Norris,,,1.0,1,1.0,,,,0 days 01:32:01.596000,Finished,25.0,71.0,1.0,2025-São Paulo Grand Prix,1
12,,ANT,antonelli,Mercedes,,mercedes,Andrea Kimi,Antonelli,Andrea Kimi Antonelli,,,2.0,2,2.0,,,,0 days 00:00:10.388000,Finished,18.0,71.0,2.0,2025-São Paulo Grand Prix,0
1,,VER,max_verstappen,Red Bull,,red_bull,Max,Verstappen,Max Verstappen,,,3.0,3,19.0,,,,0 days 00:00:10.750000,Finished,15.0,71.0,16.0,2025-São Paulo Grand Prix,0
63,,RUS,russell,Mercedes,,mercedes,George,Russell,George Russell,,,4.0,4,6.0,,,,0 days 00:00:15.267000,Finished,12.0,71.0,6.0,2025-São Paulo Grand Prix,0
81,,PIA,piastri,McLaren,,mclaren,Oscar,Piastri,Oscar Piastri,,,5.0,5,4.0,,,,0 days 00:00:15.749000,Finished,10.0,71.0,4.0,2025-São Paulo Grand Prix,0
87,,BEA,bearman,Haas F1 Team,,haas,Oliver,Bearman,Oliver Bearman,,,6.0,6,8.0,,,,0 days 00:00:29.630000,Finished,8.0,71.0,8.0,2025-São Paulo Grand Prix,0
30,,LAW,lawson,RB F1 Team,,rb,Liam,Lawson,Liam Lawson,,,7.0,7,7.0,,,,0 days 00:00:52.642000,Finished,6.0,71.0,7.0,2025-São Paulo Grand Prix,0
6,,HAD,hadjar,RB F1 Team,,rb,Isack,Hadjar,Isack Hadjar,,,8.0,8,5.0,,,,0 days 00:00:52.873000,Finished,4.0,71.0,5.0,2025-São Paulo Grand Prix,0
27,,HUL,hulkenberg,Sauber,,sauber,Nico,Hülkenberg,Nico Hülkenberg,,,9.0,9,10.0,,,,0 days 00:00:53.324000,Finished,2.0,71.0,10.0,2025-São Paulo Grand Prix,0
10,,GAS,gasly,Alpine F1 Team,,alpine,Pierre,Gasly,Pierre Gasly,,,10.0,10,9.0,,,,0 days 00:00:53.914000,Finished,1.0,71.0,9.0,2025-São Paulo Grand Prix,0
23,,ALB,albon,Williams,,williams,Alexander,Albon,Alexander Albon,,,11.0,11,12.0,,,,0 days 00:00:54.184000,Finished,0.0,71.0,12.0,2025-São Paulo Grand Prix,0
31,,OCO,ocon,Haas F1 Team,,haas,Esteban,Ocon,Esteban Ocon,,,12.0,12,20.0,,,,0 days 00:00:54.696000,Finished,0.0,71.0,17.0,2025-São Paulo Grand Prix,0
55,,SAI,sainz,Williams,,williams,Carlos,Sainz,Carlos Sainz,,,13.0,13,15.0,,,,0 days 00:00:55.420000,Finished,0.0,71.0,15.0,2025-São Paulo Grand Prix,0
14,,ALO,alonso,Aston Martin,,aston_martin,Fernando,Alonso,Fernando Alonso,,,14.0,14,11.0,,,,0 days 00:00:55.766000,Finished,0.0,71.0,11.0,2025-São Paulo Grand Prix,0
43,,COL,colapinto,Alpine F1 Team,,alpine,Franco,Colapinto,Franco Colapinto,,,15.0,15,16.0,,,,0 days 00:00:57.777000,Finished,0.0,71.0,18.0,2025-São Paulo Grand Prix,0
18,,STR,stroll,Aston Martin,,aston_martin,Lance,Stroll,Lance Stroll,,,16.0,16,14.0,,,,0 days 00:00:58.247000,Finished,0.0,71.0,14.0,2025-São Paulo Grand Prix,0
22,,TSU,tsunoda,Red Bull,,red_bull,Yuki,Tsunoda,Yuki Tsunoda,,,17.0,17,17.0,,,,0 days 00:01:09.176000,Finished,0.0,71.0,19.0,2025-São Paulo Grand Prix,0
44,,HAM,hamilton,Ferrari,,ferrari,Lewis,Hamilton,Lewis Hamilton,,,18.0,R,13.0,,,,,Retired,0.0,37.0,13.0,2025-São Paulo Grand Prix,0
16,,LEC,leclerc,Ferrari,,ferrari,Charles,Leclerc,Charles Leclerc,,,19.0,R,3.0,,,,,Retired,0.0,5.0,3.0,2025-São Paulo Grand Prix,0
5,,BOR,bortoleto,Sauber,,sauber,Gabriel,Bortoleto,Gabriel Bortoleto,,,20.0,R,18.0,,,,,Retired,0.0,0.0,,2025-São Paulo Grand Prix,0
1,,VER,max_verstappen,Red Bull,,red_bull,Max,Verstappen,Max Verstappen,,,1.0,1,2.0,,,,0 days 01:21:08.429000,Finished,25.0,50.0,2.0,2025-Las Vegas Grand Prix,1
63,,RUS,russell,Mercedes,,mercedes,George,Russell,George Russell,,,2.0,2,4.0,,,,0 days 00:00:23.546000,Finished,18.0,50.0,4.0,2025-Las Vegas Grand Prix,0
12,,ANT,antonelli,Mercedes,,mercedes,Andrea Kimi,Antonelli,Andrea Kimi Antonelli,,,3.0,3,17.0,,,,0 days 00:00:30.488000,Finished,15.0,50.0,17.0,2025-Las Vegas Grand Prix,0
16,,LEC,leclerc,Ferrari,,ferrari,Charles,Leclerc,Charles Leclerc,,,4.0,4,9.0,,,,0 days 00:00:30.678000,Finished,12.0,50.0,9.0,2025-Las Vegas Grand Prix,0
55,,SAI,sainz,Williams,,williams,Carlos,Sainz,Carlos Sainz,,,5.0,5,3.0,,,,0 days 00:00:34.924000,Finished,10.0,50.0,3.0,2025-Las Vegas Grand Prix,0
6,,HAD,hadjar,RB F1 Team,,rb,Isack,Hadjar,Isack Hadjar,,,6.0,6,8.0,,,,0 days 00:00:45.257000,Finished,8.0,50.0,8.0,2025-Las Vegas Grand Prix,0
27,,HUL,hulkenberg,Sauber,,sauber,Nico,Hülkenberg,Nico Hülkenberg,,,7.0,7,11.0,,,,0 days 00:00:51.134000,Finished,6.0,50.0,11.0,2025-Las Vegas Grand Prix,0
44,,HAM,hamilton,Ferrari,,ferrari,Lewis,Hamilton,Lewis Hamilton,,,8.0,8,19.0,,,,0 days 00:00:59.369000,Finished,4.0,50.0,20.0,2025-Las Vegas Grand Prix,0
31,,OCO,ocon,Haas F1 Team,,haas,Esteban,Ocon,Esteban Ocon,,,9.0,9,13.0,,,,0 days 00:01:00.635000,Finished,2.0,50.0,13.0,2025-Las Vegas Grand Prix,0
87,,BEA,bearman,Haas F1 Team,,haas,Oliver,Bearman,Oliver Bearman,,,10.0,10,14.0,,,,0 days 00:01:10.549000,Finished,1.0,50.0,14.0,2025-Las Vegas Grand Prix,0
14,,ALO,alonso,Aston Martin,,aston_martin,Fernando,Alonso,Fernando Alonso,,,11.0,11,7.0,,,,0 days 00:01:25.308000,Finished,0.0,50.0,7.0,2025-Las Vegas Grand Prix,0
22,,TSU,tsunoda,Red Bull,,red_bull,Yuki,Tsunoda,Yuki Tsunoda,,,12.0,12,20.0,,,,0 days 00:01:26.974000,Finished,0.0,50.0,19.0,2025-Las Vegas Grand Prix,0
10,,GAS,gasly,Alpine F1 Team,,alpine,Pierre,Gasly,Pierre Gasly,,,13.0,13,10.0,,,,0 days 00:01:31.702000,Finished,0.0,50.0,10.0,2025-Las Vegas Grand Prix,0
30,,LAW,lawson,RB F1 Team,,rb,Liam,Lawson,Liam Lawson,,,14.0,14,6.0,,,,0 days 00:00:03.291000,Lapped,0.0,49.0,6.0,2025-Las Vegas Grand Prix,0
43,,COL,colapinto,Alpine F1 Team,,alpine,Franco,Colapinto,Franco Colapinto,,,15.0,15,15.0,,,,0 days 00:00:10.459000,Lapped,0.0,49.0,15.0,2025-Las Vegas Grand Prix,0
23,,ALB,albon,Williams,,williams,Alexander,Albon,Alexander Albon,,,16.0,R,16.0,,,,,Retired,0.0,35.0,16.0,2025-Las Vegas Grand Prix,0
5,,BOR,bortoleto,Sauber,,sauber,Gabriel,Bortoleto,Gabriel Bortoleto,,,17.0,R,18.0,,,,,Retired,0.0,2.0,18.0,2025-Las Vegas Grand Prix,0
18,,STR,stroll,Aston Martin,,aston_martin,Lance,Stroll,Lance Stroll,,,18.0,R,12.0,,,,,Retired,0.0,0.0,12.0,2025-Las Vegas Grand Prix,0
4,,NOR,norris,McLaren,,mclaren,Lando,Norris,Lando Norris,,,19.0,D,1.0,,,,,Disqualified,0.0,50.0,1.0,2025-Las Vegas Grand Prix,0
81,,PIA,piastri,McLaren,,mclaren,Oscar,Piastri,Oscar Piastri,,,20.0,D,5.0,,,,,Disqualified,0.0,50.0,5.0,2025-Las Vegas Grand Prix,0
1,,VER,max_verstappen,Red Bull,,red_bull,Max,Verstappen,Max Verstappen,,,1.0,1,3.0,,,,0 days 01:24:38.241000,Finished,25.0,57.0,3.0,2025-Qatar Grand Prix,1
81,,PIA,piastri,McLaren,,mclaren,Oscar,Piastri,Oscar Piastri,,,2.0,2,1.0,,,,0 days 00:00:07.995000,Finished,18.0,57.0,1.0,2025-Qatar Grand Prix,0
55,,SAI,sainz,Williams,,williams,Carlos,Sainz,Carlos Sainz,,,3.0,3,7.0,,,,0 days 00:00:22.665000,Finished,15.0,57.0,7.0,2025-Qatar Grand Prix,0
4,,NOR,norris,McLaren,,mclaren,Lando,Norris,Lando Norris,,,4.0,4,2.0,,,,0 days 00:00:23.315000,Finished,12.0,57.0,2.0,2025-Qatar Grand Prix,0
12,,ANT,antonelli,Mercedes,,mercedes,Andrea Kimi,Antonelli,Andrea Kimi Antonelli,,,5.0,5,5.0,,,,0 days 00:00:28.317000,Finished,10.0,57.0,5.0,2025-Qatar Grand Prix,0
63,,RUS,russell,Mercedes,,mercedes,George,Russell,George Russell,,,6.0,6,4.0,,,,0 days 00:00:48.599000,Finished,8.0,57.0,4.0,2025-Qatar Grand Prix,0
14,,ALO,alonso,Aston Martin,,aston_martin,Fernando,Alonso,Fernando Alonso,,,7.0,7,8.0,,,,0 days 00:00:54.045000,Finished,6.0,57.0,8.0,2025-Qatar Grand Prix,0
16,,LEC,leclerc,Ferrari,,ferrari,Charles,Leclerc,Charles Leclerc,,,8.0,8,10.0,,,,0 days 00:00:56.785000,Finished,4.0,57.0,10.0,2025-Qatar Grand Prix,0
30,,LAW,lawson,RB F1 Team,,rb,Liam,Lawson,Liam Lawson,,,9.0,9,12.0,,,,0 days 00:01:00.073000,Finished,2.0,57.0,12.0,2025-Qatar Grand Prix,0
22,,TSU,tsunoda,Red Bull,,red_bull,Yuki,Tsunoda,Yuki Tsunoda,,,10.0,10,15.0,,,,0 days 00:01:01.770000,Finished,1.0,57.0,16.0,2025-Qatar Grand Prix,0
23,,ALB,albon,Williams,,williams,Alexander,Albon,Alexander Albon,,,11.0,11,14.0,,,,0 days 00:01:06.931000,Finished,0.0,57.0,15.0,2025-Qatar Grand Prix,0
44,,HAM,hamilton,Ferrari,,ferrari,Lewis,Hamilton,Lewis Hamilton,,,12.0,12,17.0,,,,0 days 00:01:17.730000,Finished,0.0,57.0,18.0,2025-Qatar Grand Prix,0
5,,BOR,bortoleto,Sauber,,sauber,Gabriel,Bortoleto,Gabriel Bortoleto,,,13.0,13,19.0,,,,0 days 00:01:24.812000,Finished,0.0,57.0,14.0,2025-Qatar Grand Prix,0
43,,COL,colapinto,Alpine F1 Team,,alpine,Franco,Colapinto,Franco Colapinto,,,14.0,14,20.0,,,,0 days 00:00:03.283000,Lapped,0.0,56.0,20.0,2025-Qatar Grand Prix,0
31,,OCO,ocon,Haas F1 Team,,haas,Esteban,Ocon,Esteban Ocon,,,15.0,15,16.0,,,,0 days 00:00:04.253000,Lapped,0.0,56.0,17.0,2025-Qatar Grand Prix,0
10,,GAS,gasly,Alpine F1 Team,,alpine,Pierre,Gasly,Pierre Gasly,,,16.0,16,9.0,,,,0 days 00:00:04.941000,Lapped,0.0,56.0,9.0,2025-Qatar Grand Prix,0
18,,STR,stroll,Aston Martin,,aston_martin,Lance,Stroll,Lance Stroll,,,17.0,17,18.0,,,,,Retired,0.0,55.0,19.0,2025-Qatar Grand Prix,0
6,,HAD,hadjar,RB F1 Team,,rb,Isack,Hadjar,Isack Hadjar,,,18.0,18,6.0,,,,,Retired,0.0,55.0,6.0,2025-Qatar Grand Prix,0
87,,BEA,bearman,Haas F1 Team,,haas,Oliver,Bearman,Oliver Bearman,,,19.0,R,13.0,,,,,Retired,0.0,41.0,13.0,2025-Qatar Grand Prix,0
27,,HUL,hulkenberg,Sauber,,sauber,Nico,Hülkenberg,Nico Hülkenberg,,,20.0,R,11.0,,,,,Retired,0.0,6.0,11.0,2025-Qatar Grand Prix,0
1,,VER,max_verstappen,Red Bull,,red_bull,Max,Verstappen,Max Verstappen,,,1.0,1,1.0,,,,0 days 01:26:07.469000,Finished,25.0,58.0,1.0,2025-Abu Dhabi Grand Prix,1
81,,PIA,piastri,McLaren,,mclaren,Oscar,Piastri,Oscar Piastri,,,2.0,2,3.0,,,,0 days 00:00:12.594000,Finished,18.0,58.0,3.0,2025-Abu Dhabi Grand Prix,0
4,,NOR,norris,McLaren,,mclaren,Lando,Norris,Lando Norris,,,3.0,3,2.0,,,,0 days 00:00:16.572000,Finished,15.0,58.0,2.0,2025-Abu Dhabi Grand Prix,0
16,,LEC,leclerc,Ferrari,,ferrari,Charles,Leclerc,Charles Leclerc,,,4.0,4,5.0,,,,0 days 00:00:23.279000,Finished,12.0,58.0,5.0,2025-Abu Dhabi Grand Prix,0
63,,RUS,russell,Mercedes,,mercedes,George,Russell,George Russell,,,5.0,5,4.0,,,,0 days 00:00:48.563000,Finished,10.0,58.0,4.0,2025-Abu Dhabi Grand Prix,0
14,,ALO,alonso,Aston Martin,,aston_martin,Fernando,Alonso,Fernando Alonso,,,6.0,6,6.0,,,,0 days 00:01:07.562000,Finished,8.0,58.0,6.0,2025-Abu Dhabi Grand Prix,0
31,,OCO,ocon,Haas F1 Team,,haas,Esteban,Ocon,Esteban Ocon,,,7.0,7,8.0,,,,0 days 00:01:09.876000,Finished,6.0,58.0,8.0,2025-Abu Dhabi Grand Prix,0
44,,HAM,hamilton,Ferrari,,ferrari,Lewis,Hamilton,Lewis Hamilton,,,8.0,8,16.0,,,,0 days 00:01:12.670000,Finished,4.0,58.0,16.0,2025-Abu Dhabi Grand Prix,0
27,,HUL,hulkenberg,Sauber,,sauber,Nico,Hülkenberg,Nico Hülkenberg,,,9.0,9,18.0,,,,0 days 00:01:19.014000,Finished,2.0,58.0,18.0,2025-Abu Dhabi Grand Prix,0
18,,STR,stroll,Aston Martin,,aston_martin,Lance,Stroll,Lance Stroll,,,10.0,10,15.0,,,,0 days 00:01:19.523000,Finished,1.0,58.0,15.0,2025-Abu Dhabi Grand Prix,0
5,,BOR,bortoleto,Sauber,,sauber,Gabriel,Bortoleto,Gabriel Bortoleto,,,11.0,11,7.0,,,,0 days 00:01:21.043000,Finished,0.0,58.0,7.0,2025-Abu Dhabi Grand Prix,0
87,,BEA,bearman,Haas F1 Team,,haas,Oliver,Bearman,Oliver Bearman,,,12.0,12,11.0,,,,0 days 00:01:21.166000,Finished,0.0,58.0,11.0,2025-Abu Dhabi Grand Prix,0
55,,SAI,sainz,Williams,,williams,Carlos,Sainz,Carlos Sainz,,,13.0,13,12.0,,,,0 days 00:01:22.158000,Finished,0.0,58.0,12.0,2025-Abu Dhabi Grand Prix,0
22,,TSU,tsunoda,Red Bull,,red_bull,Yuki,Tsunoda,Yuki Tsunoda,,,14.0,14,10.0,,,,0 days 00:01:23.794000,Finished,0.0,58.0,10.0,2025-Abu Dhabi Grand Prix,0
12,,ANT,antonelli,Mercedes,,mercedes,Andrea Kimi,Antonelli,Andrea Kimi Antonelli,,,15.0,15,14.0,,,,0 days 00:01:24.399000,Finished,0.0,58.0,14.0,2025-Abu Dhabi Grand Prix,0
23,,ALB,albon,Williams,,williams,Alexander,Albon,Alexander Albon,,,16.0,16,17.0,,,,0 days 00:01:30.327000,Finished,0.0,58.0,17.0,2025-Abu Dhabi Grand Prix,0
6,,HAD,hadjar,RB F1 Team,,rb,Isack,Hadjar,Isack Hadjar,,,17.0,17,9.0,,,,0 days 00:00:01.327000,Lapped,0.0,57.0,9.0,2025-Abu Dhabi Grand Prix,0
30,,LAW,lawson,RB F1 Team,,rb,Liam,Lawson,Liam Lawson,,,18.0,18,13.0,,,,0 days 00:00:04.659000,Lapped,0.0,57.0,13.0,2025-Abu Dhabi Grand Prix,0
10,,GAS,gasly,Alpine F1 Team,,alpine,Pierre,Gasly,Pierre Gasly,,,19.0,19,19.0,,,,0 days 00:00:11.908000,Lapped,0.0,57.0,19.0,2025-Abu Dhabi Grand Prix,0
43,,COL,colapinto,Alpine F1 Team,,alpine,Franco,Colapinto,Franco Colapinto,,,20.0,20,20.0,,,,0 days 00:00:14.003000,Lapped,0.0,57.0,20.0,2025-Abu Dhabi Grand Prix,0
